source_folder,date,time,track_id,num_detections,first_frame_time,last_frame_time,duration,final_family,final_genus,final_species,family_confidence,genus_confidence,species_confidence,num_path_points,total_path_length,net_displacement,revisit_ratio,progression_ratio,directional_variance,path_points_pass,displacement_pass,revisit_pass,progression_pass,directional_variance_pass,passes_topology,min_path_points,min_displacement,max_revisit_ratio,min_progression_ratio,max_directional_variance,revisit_radius,min_displacement_frac,revisit_radius_frac,classification_verified,classification_correct,detection_verified,detection_correct,corrected_name
20260623_152438,23/6/26,15:24:38,cb0c3544-58fa-47ec-a8a1-d139a4591148,90,23.93309413,28.29971716,4.366623024,Apidae,Bombus,Bombus terrestris,0.736478139,0.741932948,0.422110978,90,1307.256021,343.1883594,0.130586767,0.868327078,0.877327139,True,True,True,True,True,True,6,32.4,0.55,0.4,0.9,27,0.03,0.025,True,True,True,True,
20260623_152438,23/6/26,15:24:38,eb9fdaae-8451-439f-8271-eaa5fc1e2f69,63,8.299917046,14.96651708,6.666600037,Apidae,Bombus,Bombus terrestris,0.696913325,0.702086837,0.325316022,63,1372.15992,312.0320496,0.090117767,0.999999997,0.735797119,True,True,True,True,True,True,6,32.4,0.55,0.4,0.9,27,0.03,0.025,,,,,
20260623_152438,23/6/26,15:24:38,a391c9b1-4e38-4954-9d83-9bd2b36376dd,16,8.099919045,8.733246049,0.633327004,Apidae,Bombus,Bombus terrestris,0.527781164,0.531182416,0.191633592,16,616.1489355,308.06858,0.074999999,0.999999997,0.413426972,True,True,True,True,True,True,6,32.4,0.55,0.4,0.9,27,0.03,0.025,,,,,
20260623_153544,23/6/26,15:35:44,6200d583-35c4-40b1-95f5-a4c3f3ee78dc,41,14.06652608,16.06650609,1.999980011,Apidae,Bombus,Bombus terrestris,0.774315536,0.509784162,0.114996823,41,1877.721583,950.9011515,0.03902439,0.999999999,0.555951155,True,True,True,True,True,True,6,32.4,0.55,0.4,0.9,27,0.03,0.025,,,,,
20260623_153544,23/6/26,15:35:44,5ef94342-eab7-42fd-a392-c406a3c5c35a,23,14.39985608,15.76650909,1.366653008,Apidae,Bombus,Bombus pascuorum,0.703656442,0.587343641,0.154407401,23,711.1255992,287.1624105,0.189723319,0.999999997,0.662082064,True,True,True,True,True,True,6,32.4,0.55,0.4,0.9,27,0.03,0.025,,,,,
20260623_155754,23/6/26,15:57:54,63878d23-9f43-42ac-8f6e-19d7fd086d97,27,8.833245074,10.19989809,1.366653011,Apidae,Bombus,Bombus terrestris,0.693671963,0.475156539,0.126014584,27,724.252508,170.5784277,0.122507122,0.624108606,0.820908932,True,True,True,True,True,True,6,32.4,0.55,0.4,0.9,27,0.03,0.025,,,,,
20260623_155754,23/6/26,15:57:54,5e4445b4-2248-486c-b3a1-77ed2f290abd,26,8.433249071,9.966567084,1.533318013,Apidae,Bombus,Bombus lapidarius,0.72964345,0.586325007,0.137992584,26,957.4630481,396.1849316,0.098461538,0.801924371,0.592924222,True,True,True,True,True,True,6,32.4,0.55,0.4,0.9,27,0.03,0.025,,,,,
20260623_155754,23/6/26,15:57:54,b65f3a5c-d457-42b9-ad6d-9fef3cf19814,12,0.033333,0.566661005,0.533328004,Apidae,Bombus,Bombus pascuorum,0.703940719,0.470432331,0.159328931,12,213.7701762,169.2483382,0.227272724,0.996043843,0.299286797,True,True,True,True,True,True,6,32.4,0.55,0.4,0.9,27,0.03,0.025,,,,,
20260623_155754,23/6/26,15:57:54,072d96b8-10a5-4852-906f-562941671c07,9,0.033333,0.599994005,0.566661005,Apidae,Bombus,Bombus pratorum,0.633538501,0.607364443,0.194686995,9,503.7672262,170.8105676,0.055555554,0.999999994,0.409811519,True,True,True,True,True,True,6,32.4,0.55,0.4,0.9,27,0.03,0.025,,,,,
20260623_155754,23/6/26,15:57:54,5dc24bb4-7875-4ba3-9563-53a5a12503cd,9,3.366633028,3.63329703,0.266664002,Apidae,Bombus,Bombus terrestris,0.721028159,0.741453151,0.449476122,9,170.3138296,113.2784181,0.166666662,0.999999991,0.290799829,True,True,True,True,True,True,6,32.4,0.55,0.4,0.9,27,0.03,0.025,,,,,
20260623_155754,23/6/26,15:57:54,86cf8284-e024-4713-a191-a7604a0df665,9,14.29985712,14.56652112,0.266664002,Apidae,Bombus,Bombus terrestris,0.937888033,0.935062594,0.789295057,9,994.9999365,984.000127,0.0,0.999999999,0.011077286,True,True,True,True,True,True,6,32.4,0.55,0.4,0.9,27,0.03,0.025,,,,,
20260623_164213,23/6/26,16:42:13,0f8495d1-6d71-42d8-bfd5-6c41d0709013,90,34.8996511,39.39960611,4.499955013,Apidae,Bombus,Bombus pascuorum,0.811890538,0.397982926,0.110006511,90,1254.947878,375.8646698,0.204494382,0.91746313,0.796422255,True,True,True,True,True,True,6,32.4,0.55,0.4,0.9,27,0.03,0.025,,,,,
20260623_164213,23/6/26,16:42:13,0d365fb4-7600-4f9b-9f39-9abd758d9303,63,36.7662991,40.23293111,3.46663201,Apidae,Apis,Apis mellifera,0.850611787,0.490064769,0.4877648,63,1442.485752,428.042054,0.070660522,0.999999998,0.64251608,True,True,True,True,True,True,6,32.4,0.55,0.4,0.9,27,0.03,0.025,,,,,
20260623_164213,23/6/26,16:42:13,033aca58-dadc-4ceb-9343-28bf90979fce,42,19.93313406,21.53311806,1.599984005,Apidae,Apis,Apis mellifera,0.898186674,0.580781917,0.575106125,42,576.7986414,324.7229588,0.232288037,0.989317278,0.675398714,True,True,True,True,True,True,6,32.4,0.55,0.4,0.9,27,0.03,0.025,,,,,
20260623_164213,23/6/26,16:42:13,8a3c8c3e-e908-4f62-afbc-1a0acab2a7ae,29,13.46653204,14.53318804,1.066656003,Apidae,Apis,Apis mellifera,0.841297028,0.582776417,0.559401038,29,481.6566141,332.5541309,0.263546797,0.989379715,0.598640756,True,True,True,True,True,True,6,32.4,0.55,0.4,0.9,27,0.03,0.025,,,,,
20260623_164213,23/6/26,16:42:13,7fdbab1e-3f7c-4d88-88df-864f7f92c834,13,13.39986604,13.93319404,0.533328002,Apidae,Bombus,Bombus pratorum,0.622232187,0.584295942,0.156094214,13,532.4726824,315.1483778,0.102564101,0.999999997,0.310456601,True,True,True,True,True,True,6,32.4,0.55,0.4,0.9,27,0.03,0.025,,,,,
20260623_164213,23/6/26,16:42:13,640fb5c3-780a-43bd-a0bb-982e494f0648,13,45.63287713,46.06620613,0.433329001,Apidae,Bombus,Bombus sylvarum,0.768831728,0.528558282,0.145864494,13,430.3423742,318.0617078,0.076923076,0.999999997,0.288021192,True,True,True,True,True,True,6,32.4,0.55,0.4,0.9,27,0.03,0.025,,,,,
20260623_164213,23/6/26,16:42:13,95803e8b-5ca5-4dbb-b6f6-9c1628e8d783,7,19.99980006,20.69979306,0.699993002,Apidae,Bombus,Bombus pascuorum,0.551005134,0.433592015,0.137085121,7,438.5944592,288.2750423,0.142857136,0.999999997,0.248912638,True,True,True,True,True,True,6,32.4,0.55,0.4,0.9,27,0.03,0.025,,,,,
20260623_170424,23/6/26,17:04:24,e2b946f8-a9a5-4ae1-a3f8-df044cbc81a4,18,49.232841,52.566141,3.3333,Apidae,Bombus,Bombus pratorum,0.602590756,0.569737964,0.187243005,18,362.33233,94.85383493,0.385620913,0.999999989,0.605923552,True,True,True,True,True,True,6,32.4,0.55,0.4,0.9,27,0.03,0.025,,,True,False,
20260623_171528,23/6/26,17:15:28,b2cda2e9-1160-46ab-a2f1-dcd074b283b7,6,6.433269036,6.933264039,0.499995003,Apidae,Bombus,Bombus pascuorum,0.676925828,0.626724934,0.203523185,6,602.2637514,116.3550601,0.0,0.837704825,0.868107046,True,True,True,True,True,True,6,32.4,0.55,0.4,0.9,27,0.03,0.025,,,,,
20260623_171528,23/6/26,17:15:28,a8ffe115-3dda-4ff8-a3e9-acf3129077d7,6,6.466602036,6.899931039,0.433329002,Apidae,Bombus,Bombus sylvarum,0.724877045,0.449807428,0.163688688,6,367.9437538,81.2480769,0.066666662,0.579125859,0.425191291,True,True,True,True,True,True,6,32.4,0.55,0.4,0.9,27,0.03,0.025,,,,,
20260623_172632,23/6/26,17:26:32,777a3ae1-bacb-435c-8ef1-53f1de61e5c8,35,0.033333,4.899951027,4.866618027,Apidae,Bombus,Bombus terrestris,0.715148819,0.707509871,0.337274525,35,1341.312999,178.2729649,0.157983193,0.461949383,0.733414952,True,True,True,True,True,True,6,32.4,0.55,0.4,0.9,27,0.03,0.025,,,,,
20260623_181058,23/6/26,18:10:58,ad51fd23-6705-46de-b6dc-898daa5e2ccb,11,39.49960533,40.33293034,0.833325007,Apidae,Bombus,Bombus pascuorum,0.674236205,0.671335275,0.214202984,11,83.12281915,62.04232426,0.490909082,0.96002338,0.564590593,True,True,True,True,True,True,6,32.4,0.55,0.4,0.9,27,0.03,0.025,,,True,False,
20260623_183308,23/6/26,18:33:08,a7db3e2f-a7bf-47b8-8b2a-2ac92e57aedd,48,18.83314516,20.46646217,1.633317014,Apidae,Bombus,Bombus pascuorum,0.65054664,0.662876117,0.200500362,48,1259.386554,429.1051736,0.054964539,0.999999998,0.624514798,True,True,True,True,True,True,6,32.4,0.55,0.4,0.9,27,0.03,0.025,,,,,
20260623_183308,23/6/26,18:33:08,5c6889b1-30b1-49b1-8fc5-0be236d42d81,6,19.33314016,19.96646717,0.633327005,Apidae,Bombus,Bombus hypnorum,0.535795977,0.522189803,0.201640777,6,235.5480202,67.10067064,0.266666649,0.923333285,0.647408357,True,True,True,True,True,True,6,32.4,0.55,0.4,0.9,27,0.03,0.025,,,,,
20260623_185518,23/6/26,18:55:18,7761aac6-8d5a-46f1-988c-91f74e7acf82,9,19.16647516,20.06646617,0.899991008,Apidae,Bombus,Bombus pratorum,0.539673418,0.540257083,0.165961172,9,250.2568719,116.9273279,0.361111101,0.999999991,0.479189667,True,True,True,True,True,True,6,32.4,0.55,0.4,0.9,27,0.03,0.025,,,True,False,
20260623_190622,23/6/26,19:06:22,36778fbe-b4b0-47b0-9afc-0c225930660d,236,29.59970425,42.76623936,13.16653511,Apidae,Bombus,Bombus pratorum,0.73131126,0.727340994,0.211079224,236,1356.403605,411.0960958,0.109664623,0.862262648,0.806700562,True,True,True,True,True,True,6,32.4,0.55,0.4,0.9,27,0.03,0.025,,,,,
20260623_190622,23/6/26,19:06:22,42c1381e-5ddd-4b8d-8111-c1120c6c8801,90,50.09949942,54.09945945,3.999960034,Apidae,Bombus,Bombus terrestris,0.63609299,0.638379561,0.280487055,90,1807.116701,309.4482994,0.319850187,0.721988975,0.890969746,True,True,True,True,True,True,6,32.4,0.55,0.4,0.9,27,0.03,0.025,,,,,
20260623_190622,23/6/26,19:06:22,07e29660-b47e-4887-964e-3deea24f7396,16,0.266664002,0.933324008,0.666660006,Apidae,Bombus,Bombus terrestris,0.707808543,0.716703879,0.24581037,16,466.667877,204.726647,0.208333332,0.999999995,0.491618158,True,True,True,True,True,True,6,32.4,0.55,0.4,0.9,27,0.03,0.025,,,,,
20260623_190622,23/6/26,19:06:22,9cf57a5b-d925-40c9-adab-c60ec8e0290c,15,36.1663053,38.19961832,2.033313017,Apidae,Bombus,Bombus terrestris,0.596418043,0.643121534,0.231716254,15,189.519244,144.6245138,0.323809521,0.994782051,0.505206388,True,True,True,True,True,True,6,32.4,0.55,0.4,0.9,27,0.03,0.025,,,,,
20260623_190622,23/6/26,19:06:22,9363bc85-cea4-4d1c-8043-e5ebf455539e,15,47.7328564,51.19948843,3.466632029,Apidae,Bombus,Bombus terrestris,0.668054456,0.661662656,0.205237791,15,383.4243026,147.5415196,0.257142855,0.999999993,0.606351598,True,True,True,True,True,True,6,32.4,0.55,0.4,0.9,27,0.03,0.025,,,,,
20260623_190622,23/6/26,19:06:22,672d0fb1-68cd-4e86-9962-c7df409f263f,13,0.033333,0.566661005,0.533328004,Apidae,Bombus,Bombus terrestris,0.794337509,0.793185734,0.323274766,13,400.0848823,228.2920279,0.166666665,0.999999996,0.583713494,True,True,True,True,True,True,6,32.4,0.55,0.4,0.9,27,0.03,0.025,,,,,
20260623_191728,23/6/26,19:17:28,da349069-585d-4157-aa86-18a9e06e2d6b,27,0.033333,4.133292023,4.099959023,Apidae,Apis,Apis mellifera,0.927281263,0.566280417,0.560575873,27,686.9100306,380.3080988,0.096866097,0.999999997,0.396053197,True,True,True,True,True,True,6,32.4,0.55,0.4,0.9,27,0.03,0.025,,,,,
20260623_191728,23/6/26,19:17:28,0f96867b-b889-4a11-a95a-9c9307728d70,12,9.933234055,10.36656306,0.433329002,Apidae,Bombus,Bombus sylvarum,0.875904252,0.542041135,0.146958419,12,168.6056279,128.0097653,0.257575754,0.999999992,0.339930656,True,True,True,True,True,True,6,32.4,0.55,0.4,0.9,27,0.03,0.025,,,,,
20260623_193938,23/6/26,19:39:38,29790488-03c1-49f2-b586-7158bf806c21,22,44.89955125,46.63286726,1.73331601,Apidae,Bombus,Bombus pratorum,0.48537448,0.50170471,0.148580381,22,101.8721855,61.55485359,0.545454543,0.952936854,0.880569871,True,True,True,True,True,True,6,32.4,0.55,0.4,0.9,27,0.03,0.025,,,,,
20260623_193938,23/6/26,19:39:38,abf98e44-d5d8-4438-9c52-853adddd2cfb,7,3.49996502,6.133272034,2.633307015,Apidae,Bombus,Bombus pascuorum,0.541485505,0.555186987,0.154745091,7,171.2775981,145.7026081,0.523809499,0.95234022,0.607313525,True,True,True,True,True,True,6,32.4,0.55,0.4,0.9,27,0.03,0.025,,,,,
20260623_193938,23/6/26,19:39:38,a11f6609-0116-402e-a313-3b24ab080da7,6,5.999940034,6.166605034,0.166665001,Apidae,Bombus,Bombus terrestris,0.587559854,0.594921812,0.185225981,6,122.2495933,105.7745243,0.466666636,0.969613096,0.374172247,True,True,True,True,True,True,6,32.4,0.55,0.4,0.9,27,0.03,0.025,,,,,
20260623_195042,23/6/26,19:50:42,c8a5ae0d-362f-45c1-9a7d-5ee14991816f,16,47.699523,50.699493,2.99997,Apidae,Bombus,Bombus terrestris,0.530530067,0.551826458,0.159920385,16,231.030971,99.16148446,0.308333331,0.959504958,0.754691904,True,True,True,True,True,True,6,32.4,0.55,0.4,0.9,27,0.03,0.025,,,True,False,
20260623_200147,23/6/26,20:01:47,ed5688a5-b88e-49a7-a828-91a9d6facd19,18,49.93283428,51.39948629,1.466652008,Apidae,Bombus,Bombus pascuorum,0.706948756,0.679060272,0.219568317,18,217.6333433,50.91659847,0.470588232,0.980889939,0.756869413,True,True,True,True,True,True,6,32.4,0.55,0.4,0.9,27,0.03,0.025,,,True,False,
20260623_200147,23/6/26,20:01:47,dc185b28-8270-4070-b92a-6d0ccfe106fd,9,24.83308514,25.23308114,0.399996002,Apidae,Bombus,Bombus pascuorum,0.548334373,0.576962557,0.173036992,9,141.3927452,35.17101079,0.333333324,0.436873254,0.864426242,True,True,True,True,True,True,6,32.4,0.55,0.4,0.9,27,0.03,0.025,,,True,False,
20260623_201252,23/6/26,20:12:52,56ec9a7f-848c-45b8-9f37-084298e5a1ad,7,15.29984709,15.49984509,0.199998001,Apidae,Bombus,Bombus pratorum,0.868577097,0.81345095,0.241706864,7,76.46197193,70.51595564,0.523809499,0.999999986,0.064445354,True,True,True,True,True,True,6,32.4,0.55,0.4,0.9,27,0.03,0.025,,,,,
20260623_202357,23/6/26,20:23:57,47f9fd77-c3f2-4e6a-b32b-6daaa31c012e,10,38.432949,41.366253,2.933304,Apidae,Bombus,Bombus terrestris,0.650131083,0.656461677,0.239081701,10,188.2750996,179.3376703,0.311111104,0.997502541,0.698467551,True,True,True,True,True,True,6,32.4,0.55,0.4,0.9,27,0.03,0.025,,,True,False,
20260623_202357,23/6/26,20:23:57,a5fa5f45-1323-495e-bae3-1ef8ae0f799f,8,38.432949,41.299587,2.866638,Apidae,Bombus,Bombus pascuorum,0.66046346,0.638560183,0.230908247,8,264.6556384,256.6188808,0.392857129,0.999999996,0.511548769,True,True,True,True,True,True,6,32.4,0.55,0.4,0.9,27,0.03,0.025,,,True,False,
20260623_204605,23/6/26,20:46:05,165f2209-ea31-42b5-af67-d9e1b7fad671,27,18.4331491,19.79980211,1.366653008,Apidae,Bombus,Bombus terrestris,0.76417287,0.778576248,0.287798882,27,81.66227338,50.55937104,0.512820511,0.996885011,0.692393163,True,True,True,True,True,True,6,32.4,0.55,0.4,0.9,27,0.03,0.025,,,,,
20260623_213022,23/6/26,21:30:22,aafb7f95-47c8-469e-a5ee-010f9aa5aa46,33,11.66655013,12.73320614,1.066656012,Apidae,Bombus,Bombus pratorum,0.845377564,0.81742776,0.359225513,33,460.4079808,344.5707475,0.25,0.995311293,0.498830895,True,True,True,True,True,True,6,32.4,0.55,0.4,0.9,27,0.03,0.025,,,,,
20260623_213022,23/6/26,21:30:22,e9beaebf-f82e-486a-ab90-9dceafcda778,13,19.73313622,20.13313223,0.399996004,Apidae,Bombus,Bombus pratorum,0.838219899,0.845083647,0.367596828,13,356.1462843,132.8655335,0.089743589,0.999999992,0.738630521,True,True,True,True,True,True,6,32.4,0.55,0.4,0.9,27,0.03,0.025,,,,,
20260623_213022,23/6/26,21:30:22,80d95d64-a660-40f2-ba7b-b916dbffb3d5,11,4.866618054,5.233281059,0.366663004,Apidae,Bombus,Bombus terrestris,0.883429782,0.878275953,0.427083116,11,278.0493174,190.0006579,0.072727271,0.981283477,0.364621586,True,True,True,True,True,True,6,32.4,0.55,0.4,0.9,27,0.03,0.025,,,,,
20260623_213022,23/6/26,21:30:22,634b03b1-8dcd-4439-a1bd-0bf46e46f294,7,11.23322113,11.43321913,0.199998002,Apidae,Bombus,Bombus pratorum,0.951695033,0.953359067,0.576998298,7,69.08503989,68.11754546,0.523809499,0.999999985,0.015579506,True,True,True,True,True,True,6,32.4,0.55,0.4,0.9,27,0.03,0.025,,,,,
20260623_213022,23/6/26,21:30:22,761e63df-f58b-40e9-9099-e566f76f45f5,6,17.5664912,17.7664892,0.199998002,Apidae,Bombus,Bombus terrestris,0.891197612,0.912535042,0.385107093,6,157.7982556,126.589889,0.133333324,0.999999992,0.215832018,True,True,True,True,True,True,6,32.4,0.55,0.4,0.9,27,0.03,0.025,,,,,
20260623_215232,23/6/26,21:52:32,949e13a4-3065-4b0e-9b00-938638ebffb4,14,7.766589065,8.233251069,0.466662004,Apidae,Bombus,Bombus pratorum,0.807059807,0.804749453,0.392885597,14,239.7967806,214.2387687,0.274725272,0.99033757,0.282996838,True,True,True,True,True,True,6,32.4,0.55,0.4,0.9,27,0.03,0.025,,,,,
20260623_215232,23/6/26,21:52:32,3efefdeb-e996-4a42-93ed-499521c23528,6,3.59996403,3.933294033,0.333330003,Apidae,Bombus,Bombus pratorum,0.8120176,0.820457896,0.299175342,6,150.1948235,119.7006683,0.199999987,0.999999992,0.164416868,True,True,True,True,True,True,6,32.4,0.55,0.4,0.9,27,0.03,0.025,,,,,
20260624_071154,24/6/26,7:11:54,3b160676-aef5-412b-8e98-58b59ae18f88,6,32.899671,33.166335,0.266664,Apidae,Bombus,Bombus terrestris,0.689784343,0.708449538,0.381045592,6,225.4965658,45.27692569,0.066666662,0.588744802,0.682109865,True,True,True,True,True,True,6,32.4,0.55,0.4,0.9,27,0.03,0.025,,,,,
20260624_080721,24/6/26,8:07:21,006cf673-0124-452f-92b0-2d78e963114a,11,37.53295821,37.89962121,0.366663002,Apidae,Bombus,Bombus sylvarum,0.685693115,0.312073021,0.097216521,11,576.9059248,515.8606886,0.0,0.999999998,0.106881583,True,True,True,True,True,True,6,32.4,0.55,0.4,0.9,27,0.03,0.025,,,,,
20260624_080721,24/6/26,8:07:21,5d623af1-42dc-4914-88eb-40aad0ef6d02,8,0.199998001,0.433329002,0.233331001,Apidae,Bombus,Bombus pratorum,0.715158604,0.681758396,0.193873705,8,329.3398021,325.1388165,0.0,0.999999997,0.012508466,True,True,True,True,True,True,6,32.4,0.55,0.4,0.9,27,0.03,0.025,,,,,
20260624_082930,24/6/26,8:29:30,3ebbbcd7-3dbe-4432-a0a9-235706d6b0e3,7,44.499555,47.799522,3.299967,Apidae,Bombus,Bombus pascuorum,0.573332757,0.583113555,0.176324596,7,292.4564713,262.0019084,0.095238091,0.999999996,0.152987478,True,True,True,True,True,True,6,32.4,0.55,0.4,0.9,27,0.03,0.025,,,,,
20260624_082930,24/6/26,8:29:30,d5f89d1a-9d30-4be9-9bc4-332069c2d444,7,45.599544,45.799542,0.199998,Apidae,Bombus,Bombus terrestris,0.725129085,0.731520465,0.336727851,7,393.4506941,299.1692665,0.047619045,0.944841763,0.355779904,True,True,True,True,True,True,6,32.4,0.55,0.4,0.9,27,0.03,0.025,,,,,
20260624_084035,24/6/26,8:40:35,831ca70d-efa0-4308-9ea5-b67977b52ac7,133,52.166145,58.266084,6.099939,Apidae,Bombus,Bombus terrestris,0.600183409,0.618997057,0.328221185,133,1779.062926,875.349216,0.193665983,0.995575944,0.728902383,True,True,True,True,True,True,6,32.4,0.55,0.4,0.9,27,0.03,0.025,,,,,
20260624_084035,24/6/26,8:40:35,164ebb57-9026-4ad3-af44-b2240ff1dab8,126,37.266294,48.032853,10.766559,Apidae,Bombus,Bombus terrestris,0.689070689,0.684091987,0.272686769,126,2176.906723,657.5986618,0.124063492,0.998729979,0.747145329,True,True,True,True,True,True,6,32.4,0.55,0.4,0.9,27,0.03,0.025,,,,,
20260624_084035,24/6/26,8:40:35,afcb8518-caa8-4a3b-a69a-d9afe1a66fb6,45,40.466262,45.66621,5.199948,Apidae,Bombus,Bombus terrestris,0.761839426,0.710888101,0.199627821,45,807.8424288,283.9234052,0.423232323,0.999999996,0.799244525,True,True,True,True,True,True,6,32.4,0.55,0.4,0.9,27,0.03,0.025,,,,,
20260624_084035,24/6/26,8:40:35,daf05998-0b7c-41ef-a549-8024f68ff9bb,35,37.132962,38.66628,1.533318,Apidae,Bombus,Bombus terrestris,0.595280872,0.561583151,0.238265009,35,565.5897655,219.9801127,0.489075629,0.999999995,0.598157972,True,True,True,True,True,True,6,32.4,0.55,0.4,0.9,27,0.03,0.025,,,,,
20260624_084035,24/6/26,8:40:35,a9de2ff3-1095-48d8-a915-eb55a1229838,32,15.933174,17.066496,1.133322,Apidae,Bombus,Bombus terrestris,0.556238916,0.585417036,0.220746759,32,473.5558681,331.549393,0.229838709,0.977753838,0.515307924,True,True,True,True,True,True,6,32.4,0.55,0.4,0.9,27,0.03,0.025,,,,,
20260624_084035,24/6/26,8:40:35,1b01092c-1bfa-4d14-b0bf-24fc2121a7e4,16,5.899941,8.599914,2.699973,Apidae,Bombus,Bombus terrestris,0.657914059,0.663398037,0.330660315,16,380.2680566,262.9187137,0.216666665,0.999999996,0.557772551,True,True,True,True,True,True,6,32.4,0.55,0.4,0.9,27,0.03,0.025,,,,,
20260624_084035,24/6/26,8:40:35,80e5c63b-2484-4aa2-8306-1d3738ca0874,7,0.733326,0.933324,0.199998,Apidae,Bombus,Bombus terrestris,0.709889348,0.750177996,0.26749258,7,177.1607506,84.6418927,0.190476181,0.806982924,0.470910203,True,True,True,True,True,True,6,32.4,0.55,0.4,0.9,27,0.03,0.025,,,,,
20260624_092453,24/6/26,9:24:53,4b370efa-960a-4dd1-9f81-358bdf328a0d,6,34.66632,34.866318,0.199998,Apidae,Bombus,Bombus lapidarius,0.616300792,0.597106745,0.194883985,6,277.6492712,126.0872714,0.199999987,0.999999992,0.791077716,True,True,True,True,True,True,6,32.4,0.55,0.4,0.9,27,0.03,0.025,,,,,
20260624_102017,24/6/26,10:20:17,79778c08-cde8-4681-a20d-94ffe57cfdb2,233,46.06620613,57.99942016,11.93321403,Apidae,Bombus,Bombus terrestris,0.699623135,0.679880218,0.188590276,233,3177.678163,849.5778363,0.140520941,0.981527513,0.820050989,True,True,True,True,True,True,6,32.4,0.55,0.4,0.9,27,0.03,0.025,,,,,
20260624_102017,24/6/26,10:20:17,c876d038-b17f-4efb-9fe7-6f3ab9fd184a,127,41.39958612,45.83287513,4.433289012,Apidae,Bombus,Bombus pascuorum,0.749902553,0.588224589,0.147781022,127,1570.989474,810.651744,0.097612798,0.922503934,0.66016406,True,True,True,True,True,True,6,32.4,0.55,0.4,0.9,27,0.03,0.025,,,,,
20260624_102017,24/6/26,10:20:17,8bd194fa-e4cd-40d2-91f9-b943c974fbea,70,44.89955113,47.79952213,2.899971008,Apidae,Bombus,Bombus pascuorum,0.633723721,0.62676399,0.227038208,70,808.3741276,306.022875,0.194202898,0.966160561,0.64897263,True,True,True,True,True,True,6,32.4,0.55,0.4,0.9,27,0.03,0.025,,,,,
20260624_102017,24/6/26,10:20:17,910253dc-14b0-4b33-a6d3-780892009152,43,49.36617314,52.69947315,3.333300009,Apidae,Bombus,Bombus terrestris,0.777046069,0.771106908,0.204019993,43,722.8374795,393.0092238,0.218161683,0.966175971,0.64851079,True,True,True,True,True,True,6,32.4,0.55,0.4,0.9,27,0.03,0.025,,,,,
20260624_102017,24/6/26,10:20:17,be7ec303-c013-44bc-ab61-3185a60b32a4,9,44.16622512,44.73288613,0.566661002,Apidae,Bombus,Bombus pascuorum,0.730276883,0.726581964,0.221436138,9,124.0975599,75.78423319,0.388888878,0.999999987,0.626770777,True,True,True,True,True,True,6,32.4,0.55,0.4,0.9,27,0.03,0.025,,,,,
20260624_102017,24/6/26,10:20:17,cd55fe57-93de-4dd9-8dfa-3246a33d40fb,8,49.19950814,51.16615514,1.966647005,Apidae,Bombus,Bombus pascuorum,0.623005647,0.457860832,0.119080818,8,357.802942,240.9367137,0.107142853,0.999999996,0.292331626,True,True,True,True,True,True,6,32.4,0.55,0.4,0.9,27,0.03,0.025,,,,,
20260624_105332,24/6/26,10:53:32,6e2bc432-e71c-4d92-a495-e21079d437e8,7,3.033303,4.533288,1.499985,Apidae,Bombus,Bombus pratorum,0.773564939,0.751864714,0.257929789,7,402.0883504,133.1587399,0.047619045,0.999999992,0.607344454,True,True,True,True,True,True,6,32.4,0.55,0.4,0.9,27,0.03,0.025,,,,,
20260624_111542,24/6/26,11:15:42,79e88126-e66a-4eeb-b0e3-7a8b7a453759,102,34.29965719,40.79959223,6.499935036,Apidae,Bombus,Bombus pascuorum,0.761368706,0.472260971,0.174458587,102,1604.414329,687.9189633,0.190448457,0.924537709,0.801433215,True,True,True,True,True,True,6,32.4,0.55,0.4,0.9,27,0.03,0.025,,,,,
20260624_111542,24/6/26,11:15:42,0beea53e-4efe-4444-8726-114139e30591,73,31.53301818,35.3996462,3.866628022,Apidae,Bombus,Bombus pascuorum,0.73933686,0.542798309,0.240140714,73,1386.956709,439.0649155,0.184170472,0.999999998,0.730069306,True,True,True,True,True,True,6,32.4,0.55,0.4,0.9,27,0.03,0.025,,,,,
20260624_111542,24/6/26,11:15:42,708b5083-022a-4ce3-9c50-da71e65f377b,62,13.56653108,20.26646411,6.699933037,Apidae,Bombus,Bombus pascuorum,0.627064882,0.535831679,0.154205175,62,1348.722089,131.5228117,0.12321523,0.570210306,0.875698191,True,True,True,True,True,True,6,32.4,0.55,0.4,0.9,27,0.03,0.025,,,,,
20260624_111542,24/6/26,11:15:42,ce9eedd9-637f-4697-a620-408e90f85eb3,50,22.53310813,24.36642314,1.83331501,Apidae,Apis,Apis mellifera,0.864506222,0.767604914,0.744730811,50,644.8289811,349.5089412,0.308571428,0.954864053,0.8960976,True,True,True,True,True,True,6,32.4,0.55,0.4,0.9,27,0.03,0.025,,,,,
20260624_111542,24/6/26,11:15:42,af15c938-a434-4e56-80c5-2a51bc78dc0f,18,25.96640714,26.73306615,0.766659004,Apidae,Apis,Apis mellifera,0.901592639,0.519824878,0.488057111,18,335.3002516,248.3893114,0.183006535,0.995660306,0.301404742,True,True,True,True,True,True,6,32.4,0.55,0.4,0.9,27,0.03,0.025,,,,,
20260624_111542,24/6/26,11:15:42,1e28c6a4-6cb2-4238-8368-1e07cf491b4c,14,0.366663002,0.933324005,0.566661003,Apidae,Apis,Apis mellifera,0.95243844,0.699366293,0.677054485,14,269.7937931,134.0009328,0.230769228,0.724456379,0.623856369,True,True,True,True,True,True,6,32.4,0.55,0.4,0.9,27,0.03,0.025,,,,,
20260624_111542,24/6/26,11:15:42,308d2ca1-26e8-49f1-8492-169cbc078fb2,7,0.366663002,0.899991005,0.533328003,Apidae,Bombus,Bombus pratorum,0.661786761,0.410328286,0.139984536,7,340.1419584,156.0809085,0.142857136,0.777205153,0.633806504,True,True,True,True,True,True,6,32.4,0.55,0.4,0.9,27,0.03,0.025,,,,,
20260624_111542,24/6/26,11:15:42,df05756c-bd84-48e5-a929-07ee3acbd4cf,7,5.666610032,6.033273034,0.366663002,Apidae,Apis,Apis mellifera,0.767618018,0.413187292,0.416727197,7,262.6037903,85.41808942,0.190476181,0.999999988,0.66934302,True,True,True,True,True,True,6,32.4,0.55,0.4,0.9,27,0.03,0.025,,,,,
20260624_111542,24/6/26,11:15:42,18d87ba2-936e-42d4-b6b6-c8202b6ee9b7,6,16.96649709,17.1331621,0.166665001,Apidae,Apis,Apis mellifera,0.947382073,0.849577643,0.831091128,6,94.67734424,72.56031973,0.333333311,0.999999986,0.22146387,True,True,True,True,True,True,6,32.4,0.55,0.4,0.9,27,0.03,0.025,,,,,
20260624_121106,24/6/26,12:11:06,a709c1e8-74be-43db-b611-fdfa53b50c9f,11,40.76625923,42.89957124,2.133312012,Apidae,Bombus,Bombus pratorum,0.698507341,0.711299002,0.267664014,11,136.6195927,130.5076626,0.490909082,0.997827405,0.309019538,True,True,True,True,True,True,6,32.4,0.55,0.4,0.9,27,0.03,0.025,,,,,
20260624_123316,24/6/26,12:33:16,d3a40141-fbb6-4865-b75e-0c66c6daf30a,99,11.19988806,20.63312712,9.433239053,Apidae,Bombus,Bombus pascuorum,0.743947918,0.474239346,0.182432234,99,1938.94869,935.548235,0.062461348,0.999999999,0.707851121,True,True,True,True,True,True,6,32.4,0.55,0.4,0.9,27,0.03,0.025,,,,,
20260624_123316,24/6/26,12:33:16,4ecfd123-41d7-4516-b6a0-a8f81a1efd86,62,14.19985808,20.69979312,6.499935036,Apidae,Bombus,Bombus pascuorum,0.738168286,0.562709939,0.220989765,62,1539.081764,781.815995,0.095716552,0.999999999,0.70748153,True,True,True,True,True,True,6,32.4,0.55,0.4,0.9,27,0.03,0.025,,,,,
20260624_123316,24/6/26,12:33:16,1e198624-2357-4472-81a9-d9f94d5c0139,25,23.03310313,23.83309513,0.799992004,Apidae,Apis,Apis mellifera,0.713173926,0.485668359,0.441310077,25,139.8097726,92.51216136,0.546666665,0.999999989,0.462462909,True,True,True,True,True,True,6,32.4,0.55,0.4,0.9,27,0.03,0.025,,,,,
20260624_123316,24/6/26,12:33:16,afdcf74b-4e3b-42f4-9e87-73f2d31abf8f,7,4.233291024,4.466622025,0.233331001,Apidae,Bombus,Bombus terrestris,0.840489115,0.480450041,0.138121767,7,202.7872899,162.392272,0.142857136,0.999999994,0.413310113,True,True,True,True,True,True,6,32.4,0.55,0.4,0.9,27,0.03,0.025,,,,,
20260624_123316,24/6/26,12:33:16,714e19e4-a5a0-4a1a-b683-747ffb4c2188,7,4.666620026,4.966617028,0.299997002,Apidae,Apis,Apis mellifera,0.749553361,0.472875631,0.465473466,7,315.6868339,233.173755,0.047619045,0.999999996,0.268951838,True,True,True,True,True,True,6,32.4,0.55,0.4,0.9,27,0.03,0.025,,,,,
20260624_123316,24/6/26,12:33:16,01c24e44-41d8-4738-af33-1e37e9064ba2,7,4.966617028,7.566591042,2.599974015,Apidae,Apis,Apis mellifera,0.855267142,0.447966578,0.449009999,7,182.872521,101.504926,0.238095227,0.99999999,0.672735687,True,True,True,True,True,True,6,32.4,0.55,0.4,0.9,27,0.03,0.025,,,,,
20260624_125526,24/6/26,12:55:26,8de44abf-1997-465f-99f2-483692235384,6,58.43274933,58.96607733,0.533328003,Apidae,Bombus,Bombus terrestris,0.758579731,0.743757864,0.182778023,6,270.4382026,231.0589752,0.399999973,0.999999996,0.379880101,True,True,True,True,True,True,6,32.4,0.55,0.4,0.9,27,0.03,0.025,,,,,
20260624_131736,24/6/26,13:17:36,aead6acd-ab0b-4000-95d2-f346dd1d1cbe,33,43.16623549,44.69955351,1.533318017,Apidae,Bombus,Bombus pascuorum,0.693169988,0.417691476,0.206397482,33,573.5198545,168.1071087,0.43560606,0.999999994,0.817957209,True,True,True,True,True,True,6,32.4,0.55,0.4,0.9,27,0.03,0.025,,,,,
20260624_131736,24/6/26,13:17:36,fd0974d2-0168-457d-bbc6-dd3331a37415,25,44.49955551,45.59954452,1.099989012,Apidae,Bombus,Bombus pascuorum,0.699849359,0.637154992,0.248501217,25,954.5791463,480.1106643,0.096666666,0.96026502,0.551570351,True,True,True,True,True,True,6,32.4,0.55,0.4,0.9,27,0.03,0.025,,,,,
20260624_131736,24/6/26,13:17:36,25aa22ff-4440-4c03-9149-0785a16b1622,19,52.8994716,54.43278962,1.533318017,Apidae,Bombus,Bombus pascuorum,0.669737002,0.530971529,0.190755687,19,189.2217751,103.4842983,0.53216374,0.99999999,0.635020247,True,True,True,True,True,True,6,32.4,0.55,0.4,0.9,27,0.03,0.025,,,,,
20260624_131736,24/6/26,13:17:36,d96985d0-339d-4321-8d64-d10881271957,7,43.53289849,44.79955251,1.266654014,Apidae,Bombus,Bombus pascuorum,0.64822647,0.578738868,0.160334769,7,513.5437877,285.2389349,0.047619045,0.999999996,0.405488879,True,True,True,True,True,True,6,32.4,0.55,0.4,0.9,27,0.03,0.025,,,,,
20260624_133941,24/6/26,13:39:41,f9b726a1-ce92-4881-bf96-2f080de98f20,127,44.09955925,52.43280929,8.333250047,Apidae,Bombus,Bombus terrestris,0.738148617,0.714499877,0.262203547,127,2018.346662,403.8124565,0.160354956,0.999999998,0.856242931,True,True,True,True,True,True,6,32.4,0.55,0.4,0.9,27,0.03,0.025,,,,,
20260624_133941,24/6/26,13:39:41,c71b1052-db16-4ff0-b5f5-2d4af66a6ef1,125,43.86622824,52.36614329,8.499915047,Apidae,Bombus,Bombus terrestris,0.659428593,0.667894849,0.3545186,125,2672.6473,653.6162865,0.143612903,0.825936327,0.710201128,True,True,True,True,True,True,6,32.4,0.55,0.4,0.9,27,0.03,0.025,,,,,
20260624_133941,24/6/26,13:39:41,f08b748a-6cfb-4574-acd1-b6e24915963d,11,9.899901055,11.29988706,1.399986008,Apidae,Bombus,Bombus terrestris,0.687385313,0.636315441,0.271447938,11,465.4066759,136.9425062,0.072727271,0.973644524,0.81798984,True,True,True,True,True,True,6,32.4,0.55,0.4,0.9,27,0.03,0.025,,,,,
20260624_133941,24/6/26,13:39:41,acca779a-f285-4e34-9de7-a54cfbb5a22d,8,51.59948429,52.16614529,0.566661003,Apidae,Bombus,Bombus pratorum,0.5078048,0.507287659,0.196358962,8,219.1808521,203.241851,0.535714267,0.971590292,0.604985027,True,True,True,True,True,True,6,32.4,0.55,0.4,0.9,27,0.03,0.025,,,True,False,
20260624_143509,24/6/26,14:35:09,a7f22ae3-c399-43f4-95e3-d7ccb78cdcf6,255,37.066296,51.466152,14.399856,Apidae,Bombus,Bombus pascuorum,0.722171205,0.52155708,0.264300679,255,2150.349289,783.2486834,0.103751737,0.995899702,0.814693512,True,True,True,True,True,True,6,32.4,0.55,0.4,0.9,27,0.03,0.025,,,,,
20260624_144615,24/6/26,14:46:15,1158c11e-e119-446d-9ef1-8b13269cc8a0,102,54.0661263,58.43274933,4.366623024,Apidae,Bombus,Bombus pratorum,0.778669726,0.739816154,0.193546541,102,904.0898708,395.4794559,0.27276257,0.983204205,0.760901789,True,True,True,True,True,True,6,32.4,0.55,0.4,0.9,27,0.03,0.025,,,,,
20260624_144615,24/6/26,14:46:15,a7f56bf6-85c7-4fd8-89f9-1df9d966646e,34,53.9661273,57.16609532,3.199968018,Apidae,Bombus,Bombus pratorum,0.765449795,0.58473434,0.167945107,34,684.6754703,286.3564213,0.174688057,0.999999997,0.693860988,True,True,True,True,True,True,6,32.4,0.55,0.4,0.9,27,0.03,0.025,,,,,
20260624_160351,24/6/26,16:03:51,2cbe03b7-524e-413c-89e2-2f0d418cfbf4,19,4.533288025,5.43327903,0.899991005,Apidae,Bombus,Bombus lapidarius,0.916673547,0.546201451,0.147840009,19,427.0461433,267.9948694,0.140350876,0.999999996,0.346457065,True,True,True,True,True,True,6,32.4,0.55,0.4,0.9,27,0.03,0.025,,,,,
20260624_160351,24/6/26,16:03:51,a21ffc86-df62-48f2-8081-a94a2b009885,6,5.266614029,5.43327903,0.166665001,Apidae,Apis,Apis mellifera,0.962344478,0.507414492,0.49947113,6,163.5343853,163.2796681,0.0,0.999999994,0.001525376,True,True,True,True,True,True,6,32.4,0.55,0.4,0.9,27,0.03,0.025,,,,,
20260624_161456,24/6/26,16:14:56,3c7fe37e-b20b-4277-82cf-0ac67d449e54,7,13.89986108,14.53318808,0.633327004,Apidae,Bombus,Bombus terrestris,0.736563597,0.727213191,0.242827955,7,394.8078212,377.6205106,0.047619045,0.999999997,0.053552376,True,True,True,True,True,True,6,32.4,0.55,0.4,0.9,27,0.03,0.025,,,,,
20260624_172133,24/6/26,17:21:33,c2a1a2be-e9c4-48f0-8103-8c68e647a6a1,182,47.799522,56.499435,8.699913,Apidae,Bombus,Bombus terrestris,0.707221639,0.706126889,0.396377256,182,2160.670092,669.1621627,0.149292696,0.974898973,0.880911369,True,True,True,True,True,True,6,32.4,0.55,0.4,0.9,27,0.03,0.025,,,,,
20260624_172133,24/6/26,17:21:33,26a4ef63-6e52-4445-a342-a1f113f915e9,36,22.533108,28.633047,6.099939,Apidae,Bombus,Bombus terrestris,0.814402871,0.81723556,0.539142857,36,906.4218055,478.3202379,0.103174603,0.999999998,0.624494317,True,True,True,True,True,True,6,32.4,0.55,0.4,0.9,27,0.03,0.025,,,,,
20260624_172133,24/6/26,17:21:33,ce77a97a-2438-4e91-8e73-5753417fbfc6,23,24.899751,26.266404,1.366653,Apidae,Bombus,Bombus terrestris,0.715711525,0.736795867,0.478522733,23,593.7257754,181.9017592,0.450592884,0.999999995,0.765629423,True,True,True,True,True,True,6,32.4,0.55,0.4,0.9,27,0.03,0.025,,,,,
20260624_174343,24/6/26,17:43:43,d0d89f66-65d3-444c-8670-b4d52f983fd5,125,50.23283128,54.49945531,4.266624024,Apidae,Bombus,Bombus pascuorum,0.679072313,0.395681595,0.125342971,125,771.1440734,303.2709185,0.22116129,0.985742709,0.736911606,True,True,True,True,True,True,6,32.4,0.55,0.4,0.9,27,0.03,0.025,,,,,
20260624_174343,24/6/26,17:43:43,11489895-ff1c-4193-aa5b-37108be6fb95,30,48.59951427,49.96616728,1.366653008,Apidae,Apis,Apis mellifera,0.833170448,0.421202906,0.422151749,30,418.987695,282.6101555,0.287356321,0.999999996,0.563022943,True,True,True,True,True,True,6,32.4,0.55,0.4,0.9,27,0.03,0.025,,,,,
20260624_175449,24/6/26,17:54:49,5f31aa5f-537b-450a-9ac6-317634882f69,33,24.99975014,26.33307015,1.333320007,Apidae,Bombus,Bombus terrestris,0.751457692,0.654269284,0.194496681,33,679.5993038,204.1353718,0.492424241,0.943757256,0.705362251,True,True,True,True,True,True,6,32.4,0.55,0.4,0.9,27,0.03,0.025,,,,,
20260624_175449,24/6/26,17:54:49,1593b547-a979-43f4-8b10-824dbc93d841,28,33.06633618,33.96632719,0.899991005,Apidae,Apis,Apis mellifera,0.954609628,0.592453022,0.597380803,28,299.6708759,136.2029735,0.224867724,0.92277399,0.696099864,True,True,True,True,True,True,6,32.4,0.55,0.4,0.9,27,0.03,0.025,,,,,
20260624_175449,24/6/26,17:54:49,2c2ead99-881b-4d63-a9a8-1d38bd8a7755,7,24.96641714,25.53307814,0.566661003,Apidae,Apis,Apis mellifera,0.948451272,0.698281995,0.716909483,7,240.7799934,174.9285568,0.190476181,0.999999994,0.45102994,True,True,True,True,True,True,6,32.4,0.55,0.4,0.9,27,0.03,0.025,,,,,
20260624_180554,24/6/26,18:05:54,88c3b412-5b42-46d3-a95e-264cd562b774,8,16.83316509,18.1998181,1.366653008,Apidae,Bombus,Bombus pascuorum,0.632133551,0.587662987,0.188028608,8,195.254008,118.6633895,0.392857129,0.999999992,0.653658616,True,True,True,True,True,True,6,32.4,0.55,0.4,0.9,27,0.03,0.025,,,True,False,
20260624_182806,24/6/26,18:28:06,1b4ff76a-20f4-498c-9b9c-319d2b260191,124,19.36647311,24.73308614,5.36661303,Apidae,Bombus,Bombus terrestris,0.749949766,0.729302393,0.20275281,124,1837.93836,814.3003132,0.094151587,0.897775629,0.766040932,True,True,True,True,True,True,6,32.4,0.55,0.4,0.9,27,0.03,0.025,,,,,
20260624_182806,24/6/26,18:28:06,fcce5297-6ce8-4725-a312-f84a61f7823d,90,24.13309213,33.33300019,9.199908051,Apidae,Bombus,Bombus pascuorum,0.797222771,0.749115357,0.177742963,90,1026.262928,262.3780669,0.201498127,0.760728675,0.867528361,True,True,True,True,True,True,6,32.4,0.55,0.4,0.9,27,0.03,0.025,,,,,
20260624_182806,24/6/26,18:28:06,85a04a72-fa7d-42c0-8cd7-35caa3c3fa9d,38,13.93319408,15.16651508,1.233321007,Apidae,Bombus,Bombus pratorum,0.879108424,0.793767315,0.236549566,38,589.269403,206.9740322,0.183499289,0.999999995,0.707216943,True,True,True,True,True,True,6,32.4,0.55,0.4,0.9,27,0.03,0.025,,,,,
20260624_182806,24/6/26,18:28:06,af4f8ca7-1c97-47e4-be13-49c9b685c8f3,35,34.59965419,40.26626422,5.666610032,Apidae,Bombus,Bombus pascuorum,0.64130735,0.598783032,0.20766817,35,324.4305112,139.2910622,0.477310924,0.884178311,0.836277867,True,True,True,True,True,True,6,32.4,0.55,0.4,0.9,27,0.03,0.025,,,True,False,
20260624_182806,24/6/26,18:28:06,ba9320f7-1613-4439-9cc4-7f74f444faa3,19,26.33307015,28.33305016,1.999980011,Apidae,Bombus,Bombus pascuorum,0.709900724,0.699205463,0.198035977,19,284.1328279,149.5810817,0.549707599,0.999999993,0.879399819,True,True,True,True,True,True,6,32.4,0.55,0.4,0.9,27,0.03,0.025,,,True,False,
20260624_182806,24/6/26,18:28:06,655c0f4a-58eb-48f4-91cf-7f85e94a7eb6,10,4.966617028,7.666590043,2.699973015,Apidae,Bombus,Bombus pratorum,0.606006598,0.619487172,0.189305641,10,472.8464593,169.3553955,0.177777774,0.622065989,0.491703383,True,True,True,True,True,True,6,32.4,0.55,0.4,0.9,27,0.03,0.025,,,,,
20260624_182806,24/6/26,18:28:06,4acbf759-b8b7-4da9-87a1-167c5de5642f,8,34.73298619,35.4329792,0.699993004,Syrphidae,Volucella,Volucella zonaria,0.427725242,0.374566359,0.278346636,8,132.2564572,45.5905692,0.249999991,0.999999978,0.719685595,True,True,True,True,True,True,6,32.4,0.55,0.4,0.9,27,0.03,0.025,,,True,False,
20260624_183914,24/6/26,18:39:14,2edee540-7773-4c03-80f3-781866f2760a,73,27.96638716,31.53301818,3.56663102,Apidae,Bombus,Bombus pascuorum,0.735425874,0.68145127,0.191973463,73,985.9196627,606.4563051,0.228310502,0.999999998,0.747455649,True,True,True,True,True,True,6,32.4,0.55,0.4,0.9,27,0.03,0.025,,,,,
20260624_183914,24/6/26,18:39:14,7931a19f-23a9-42c1-a15f-176255308cab,30,36.2663042,37.43295921,1.166655007,Apidae,Bombus,Bombus pratorum,0.841236982,0.837398636,0.285312223,30,901.5467138,446.7773495,0.057471264,0.967964201,0.473989504,True,True,True,True,True,True,6,32.4,0.55,0.4,0.9,27,0.03,0.025,,,,,
20260624_183914,24/6/26,18:39:14,40f5c0f1-f868-4907-b1e7-3567a82d14d7,29,14.33319008,17.6331571,3.299967018,Apidae,Bombus,Bombus pratorum,0.754656874,0.717262963,0.23048924,29,933.7653165,120.1800732,0.174876847,0.935593506,0.830018733,True,True,True,True,True,True,6,32.4,0.55,0.4,0.9,27,0.03,0.025,,,,,
20260624_183914,24/6/26,18:39:14,b8580430-48dc-4f2f-8a3a-0b4daa7631c7,18,16.83316509,17.8998211,1.066656006,Apidae,Bombus,Bombus pratorum,0.850286219,0.841961824,0.291652522,18,372.9776024,203.4354935,0.267973854,0.981735375,0.828164899,True,True,True,True,True,True,6,32.4,0.55,0.4,0.9,27,0.03,0.025,,,,,
20260624_183914,24/6/26,18:39:14,87982098-34c9-4504-9331-45b1afc8ed3a,11,20.86645812,21.69978312,0.833325005,Apidae,Bombus,Bombus pratorum,0.736076843,0.742257812,0.211518292,11,382.5135897,312.6419678,0.109090907,0.999999997,0.427710683,True,True,True,True,True,True,6,32.4,0.55,0.4,0.9,27,0.03,0.025,,,,,
20260624_183914,24/6/26,18:39:14,378c38d2-b081-4aeb-ba2c-3948d0313c52,9,8.93324405,9.233241052,0.299997002,Apidae,Bombus,Bombus pratorum,0.830523736,0.777765046,0.247598326,9,97.00419559,76.42807076,0.444444432,0.973586236,0.294647089,True,True,True,True,True,True,6,32.4,0.55,0.4,0.9,27,0.03,0.025,,,,,
20260624_183914,24/6/26,18:39:14,67ea0fda-e853-44ee-90c2-488e54d709a5,8,5.899941033,6.166605034,0.266664001,Apidae,Bombus,Bombus pratorum,0.700312734,0.707272969,0.177190264,8,76.00430588,61.55079203,0.499999982,0.999999984,0.186766814,True,True,True,True,True,True,6,32.4,0.55,0.4,0.9,27,0.03,0.025,,,,,
20260624_183914,24/6/26,18:39:14,ea816028-2124-4d6e-aefd-e5b783206d46,6,48.23285127,48.39951627,0.166665001,Apidae,Bombus,Bombus pascuorum,0.637143026,0.531859025,0.161684717,6,141.8411187,136.5915444,0.466666636,0.987999084,0.835646154,True,True,True,True,True,True,6,32.4,0.55,0.4,0.9,27,0.03,0.025,,,True,False,
20260624_185019,24/6/26,18:50:19,f34ffcbd-3703-433a-98b2-a2cb36348f4e,154,50.06616628,59.16607533,9.099909051,Apidae,Bombus,Bombus terrestris,0.564904837,0.562802855,0.287816133,154,586.4864001,265.8086718,0.244716068,0.999999996,0.733520889,True,True,True,True,True,True,6,32.4,0.55,0.4,0.9,27,0.03,0.025,,,,,
20260624_190124,24/6/26,19:01:24,fb4d3f53-0f18-4af0-bf41-426e0e660537,15,41.63291723,43.96622725,2.333310013,Apidae,Bombus,Bombus pascuorum,0.569112142,0.54244112,0.170639332,15,568.8524942,164.9060338,0.352380949,0.933592829,0.889156668,True,True,True,True,True,True,6,32.4,0.55,0.4,0.9,27,0.03,0.025,,,True,False,
20260624_190124,24/6/26,19:01:24,bf4ea40d-634e-49c2-b46a-9284ec6ecfc6,7,43.29956724,44.19955825,0.899991005,Apidae,Bombus,Bombus pratorum,0.545200305,0.562205962,0.16250528,7,99.46185695,78.64000254,0.428571408,0.971957376,0.843594471,True,True,True,True,True,True,6,32.4,0.55,0.4,0.9,27,0.03,0.025,,,True,False,
20260624_191230,24/6/26,19:12:30,a224dceb-44c9-4ada-ba41-befcf0ff7793,25,50.06616628,56.09943931,6.033273034,Apidae,Bombus,Bombus pratorum,0.590810788,0.606933695,0.202255374,25,1506.465317,103.8809415,0.226666666,0.661095705,0.864647247,True,True,True,True,True,True,6,32.4,0.55,0.4,0.9,27,0.03,0.025,,,True,False,
20260624_191230,24/6/26,19:12:30,fc43b8fb-083b-4a63-ac4e-2a90dbcc5312,15,53.8994613,57.66609032,3.766629021,Apidae,Bombus,Bombus terrestris,0.530104444,0.514204013,0.169754511,15,218.7607942,37.36642878,0.523809519,0.93871868,0.744628979,True,True,True,True,True,True,6,32.4,0.55,0.4,0.9,27,0.03,0.025,,,True,False,
20260624_191230,24/6/26,19:12:30,646546b8-fcae-4827-a94f-1a59b393aa43,10,55.49944531,56.43276932,0.933324005,Apidae,Bombus,Bombus pratorum,0.59707891,0.616652173,0.209253246,10,451.5787705,133.5084267,0.444444435,0.991696209,0.805421893,True,True,True,True,True,True,6,32.4,0.55,0.4,0.9,27,0.03,0.025,,,True,False,
20260624_191230,24/6/26,19:12:30,06cde8af-61d7-48cd-a2d0-56f96e1c4473,9,56.09943931,59.19940833,3.099969017,Apidae,Bombus,Bombus pratorum,0.580002467,0.66129546,0.250040082,9,263.0313606,247.7826669,0.361111101,0.999999996,0.384890534,True,True,True,True,True,True,6,32.4,0.55,0.4,0.9,27,0.03,0.025,,,True,False,
20260624_192339,24/6/26,19:23:39,3741d833-a070-4ae1-84e8-cce188cbebd5,26,55.99944032,57.16609532,1.166655007,Apidae,Bombus,Bombus pratorum,0.592097885,0.589908421,0.185066417,26,290.6046754,230.9550822,0.332307691,0.998128164,0.857697271,True,True,True,True,True,True,6,32.4,0.55,0.4,0.9,27,0.03,0.025,,,True,False,
20260624_192339,24/6/26,19:23:39,3f814bda-54fa-462c-824f-fddd45ba13a8,25,56.29943732,57.19942832,0.899991005,Apidae,Bombus,Bombus pratorum,0.662651067,0.674639426,0.249856079,25,175.1893089,121.2693284,0.446666665,0.993602081,0.780939444,True,True,True,True,True,True,6,32.4,0.55,0.4,0.9,27,0.03,0.025,,,True,False,
20260624_192339,24/6/26,19:23:39,2a44137e-b6f9-4b88-8bef-c0228d9a211f,22,45.09954925,50.53282828,5.433279031,Apidae,Bombus,Bombus pascuorum,0.558670958,0.551738921,0.174439609,22,870.4519315,179.6698361,0.264069263,0.979181693,0.715887826,True,True,True,True,True,True,6,32.4,0.55,0.4,0.9,27,0.03,0.025,,,True,False,
20260624_192339,24/6/26,19:23:39,36c47551-8201-4b1b-ae69-5f29d67e113c,11,47.36619327,50.73282629,3.366633019,Apidae,Bombus,Bombus pascuorum,0.62753598,0.594047834,0.189500606,11,414.0547695,105.9481005,0.218181814,0.700396245,0.781157098,True,True,True,True,True,True,6,32.4,0.55,0.4,0.9,27,0.03,0.025,,,True,False,
20260624_192339,24/6/26,19:23:39,055541ab-99f9-4c83-9661-8ef1c022bd82,8,47.39952627,50.23283128,2.833305016,Apidae,Bombus,Bombus pascuorum,0.570010528,0.56873554,0.187710274,8,338.9900466,73.85966423,0.178571422,0.46380209,0.850834994,True,True,True,True,True,True,6,32.4,0.55,0.4,0.9,27,0.03,0.025,,,True,False,
20260624_193448,24/6/26,19:34:48,6f6052e6-c6de-4220-92d0-706f4519299e,129,52.03281329,59.66607033,7.633257043,Apidae,Bombus,Bombus terrestris,0.86302081,0.860179448,0.50507137,129,2000.808394,834.5912173,0.17126938,0.999999999,0.834112856,True,True,True,True,True,True,6,32.4,0.55,0.4,0.9,27,0.03,0.025,,,,,
20260624_193448,24/6/26,19:34:48,e2821f04-1ddb-43ee-9a04-4ba698782cf3,17,51.66615029,52.33281029,0.666660004,Apidae,Bombus,Bombus terrestris,0.797721603,0.796380853,0.359145752,17,442.5465483,267.4495279,0.161764705,0.99815969,0.488590548,True,True,True,True,True,True,6,32.4,0.55,0.4,0.9,27,0.03,0.025,,,,,
20260624_193448,24/6/26,19:34:48,f490d697-384b-492f-b6d1-94f1d56eb7b1,16,28.46638216,29.86636817,1.399986008,Apidae,Bombus,Bombus pascuorum,0.504313512,0.476515879,0.145307166,16,166.7466751,74.94164396,0.483333329,0.852463132,0.661657666,True,True,True,True,True,True,6,32.4,0.55,0.4,0.9,27,0.03,0.025,,,True,False,
20260624_193448,24/6/26,19:34:48,bf920f9d-f24b-498f-9a39-e9718f333419,15,51.56615129,52.83280529,1.266654007,Apidae,Bombus,Bombus terrestris,0.741047874,0.703369157,0.255547703,15,654.4384001,377.735688,0.095238094,0.999999997,0.237203068,True,True,True,True,True,True,6,32.4,0.55,0.4,0.9,27,0.03,0.025,,,,,
20260624_193448,24/6/26,19:34:48,5bfd7879-49e7-4b47-b9bf-533d5e4126b3,9,28.49971516,30.06636617,1.566651009,Apidae,Bombus,Bombus pascuorum,0.548176577,0.546385232,0.175423352,9,303.695207,218.2687564,0.194444439,0.994992341,0.741072249,True,True,True,True,True,True,6,32.4,0.55,0.4,0.9,27,0.03,0.025,,,True,False,
20260624_193448,24/6/26,19:34:48,ac77ed5c-5e0f-4562-aaa9-2cb55d6b26f0,8,11.56655106,13.69986308,2.133312012,Apidae,Bombus,Bombus pratorum,0.643285476,0.60715045,0.161880468,8,86.15426955,69.20260111,0.428571413,0.967041305,0.718398999,True,True,True,True,True,True,6,32.4,0.55,0.4,0.9,27,0.03,0.025,,,True,False,
20260624_193448,24/6/26,19:34:48,e2204121-042b-40b2-918a-b0130a17b69d,8,25.93307414,26.49973515,0.566661003,Apidae,Bombus,Bombus pascuorum,0.657320477,0.649491247,0.17599999,8,233.303033,108.195425,0.32142856,0.671710376,0.757283286,True,True,True,True,True,True,6,32.4,0.55,0.4,0.9,27,0.03,0.025,,,True,False,
20260624_194554,24/6/26,19:45:54,00b0c4c1-ee0f-45ae-9370-a03c461067cc,38,37.466292,40.599594,3.133302,Apidae,Bombus,Bombus pratorum,0.540979916,0.567868797,0.163239317,38,1246.296688,261.3297725,0.266002845,0.729060417,0.781872254,True,True,True,True,True,True,6,32.4,0.55,0.4,0.9,27,0.03,0.025,,,True,False,
20260624_194554,24/6/26,19:45:54,ec537e57-47cd-4ccb-a0a9-46c4bb977470,36,37.132962,44.366223,7.233261,Apidae,Bombus,Bombus pratorum,0.485659159,0.489487181,0.155187475,36,921.3199425,431.8868486,0.26031746,0.990646291,0.727815269,True,True,True,True,True,True,6,32.4,0.55,0.4,0.9,27,0.03,0.025,,,True,False,
20260624_194554,24/6/26,19:45:54,37cc20b6-2cc5-4602-9a89-9493f516df4a,30,37.899621,44.366223,6.466602,Apidae,Bombus,Bombus pratorum,0.541116271,0.535464257,0.163503739,30,1409.135773,141.5141336,0.147126436,0.529780512,0.834163122,True,True,True,True,True,True,6,32.4,0.55,0.4,0.9,27,0.03,0.025,,,True,False,
20260624_194554,24/6/26,19:45:54,d9e66d10-a697-4d11-9344-32965cfa21cb,20,9.266574,13.733196,4.466622,Apidae,Bombus,Bombus pascuorum,0.613519903,0.542414436,0.208864789,20,296.4595813,104.6231332,0.24736842,0.86733877,0.858595848,True,True,True,True,True,True,6,32.4,0.55,0.4,0.9,27,0.03,0.025,,,True,False,
20260624_194554,24/6/26,19:45:54,ea096fb3-9bfb-4409-a95c-00e9504e6936,14,9.33324,10.966557,1.633317,Apidae,Bombus,Bombus pascuorum,0.649011686,0.583813073,0.15917111,14,197.0823627,141.5008834,0.461538456,0.999999993,0.882979533,True,True,True,True,True,True,6,32.4,0.55,0.4,0.9,27,0.03,0.025,,,True,False,
20260624_194554,24/6/26,19:45:54,c806e5ef-5159-4e1f-bd29-b10b15ba2fb7,14,38.132952,40.466262,2.33331,Apidae,Bombus,Bombus pascuorum,0.648081545,0.609250663,0.188334748,14,460.6212699,225.3219918,0.351648348,0.920807887,0.850508453,True,True,True,True,True,True,6,32.4,0.55,0.4,0.9,27,0.03,0.025,,,True,False,
20260624_194554,24/6/26,19:45:54,dd9e6ace-312a-41e0-91b1-c76211a85ec6,13,44.399556,47.732856,3.3333,Apidae,Bombus,Bombus terrestris,0.427086401,0.451027409,0.179749214,13,160.3112651,112.9347157,0.397435892,0.999999991,0.717200466,True,True,True,True,True,True,6,32.4,0.55,0.4,0.9,27,0.03,0.025,,,True,False,
20260624_194554,24/6/26,19:45:54,7e4fd1ed-c1e7-4fa5-bacf-c114db74de94,9,33.66633,33.932994,0.266664,Apidae,Bombus,Bombus pascuorum,0.628157602,0.645124879,0.162950786,9,207.1278237,164.685306,0.472222209,0.992417845,0.450154712,True,True,True,True,True,True,6,32.4,0.55,0.4,0.9,27,0.03,0.025,,,True,False,
20260624_194554,24/6/26,19:45:54,50aa25cb-2496-48f5-b49f-57d407858378,8,43.599564,44.099559,0.499995,Apidae,Bombus,Bombus terrestris,0.52043974,0.53456977,0.154037551,8,142.5190888,41.97618372,0.285714276,0.873556454,0.692754519,True,True,True,True,True,True,6,32.4,0.55,0.4,0.9,27,0.03,0.025,,,True,False,
20260624_194554,24/6/26,19:45:54,7b581cea-edb3-47ee-bfb1-d4465c2b2261,8,43.699563,46.33287,2.633307,Apidae,Bombus,Bombus pascuorum,0.707447566,0.673095405,0.248035876,8,153.6461957,129.0213161,0.464285698,0.964289983,0.658737825,True,True,True,True,True,True,6,32.4,0.55,0.4,0.9,27,0.03,0.025,,,True,False,
20260624_194554,24/6/26,19:45:54,f7a18208-ddbc-4315-a240-15812b54dec5,7,43.632897,44.199558,0.566661,Apidae,Bombus,Bombus pascuorum,0.697604222,0.695475825,0.19129152,7,257.4968606,102.6218788,0.333333317,0.738267787,0.777853178,True,True,True,True,True,True,6,32.4,0.55,0.4,0.9,27,0.03,0.025,,,True,False,
20260624_194554,24/6/26,19:45:54,8e75bd15-27b7-40de-9490-a0fb73ac5e6e,6,42.432909,44.466222,2.033313,Apidae,Bombus,Bombus pratorum,0.497864773,0.492482707,0.154102779,6,262.5410558,85.37564055,0.266666649,0.958959105,0.480417124,True,True,True,True,True,True,6,32.4,0.55,0.4,0.9,27,0.03,0.025,,,True,False,
20260624_195700,24/6/26,19:57:00,4a88e14c-4909-4771-92e8-96991d9fdd24,110,12.53320804,16.89983105,4.366623012,Apidae,Bombus,Bombus pratorum,0.830788849,0.728813922,0.201315171,110,1930.907717,843.9600109,0.048373645,0.959720972,0.691018581,True,True,True,True,True,True,6,32.4,0.55,0.4,0.9,27,0.03,0.025,,,,,
20260624_195700,24/6/26,19:57:00,6ba61760-3763-44c6-a24a-115f07c59ace,109,27.23306108,38.03295311,10.79989203,Apidae,Bombus,Bombus terrestris,0.782127677,0.779464339,0.306346229,109,2194.661232,340.0191171,0.112810058,0.634328146,0.760019155,True,True,True,True,True,True,6,32.4,0.55,0.4,0.9,27,0.03,0.025,,,,,
20260624_195700,24/6/26,19:57:00,1e564d11-c0a4-4896-8a86-21e9bee03614,82,23.53309807,29.26637408,5.733276016,Apidae,Bombus,Bombus terrestris,0.788638628,0.783667508,0.506214635,82,857.2790535,379.4944005,0.179162903,0.999999997,0.640103835,True,True,True,True,True,True,6,32.4,0.55,0.4,0.9,27,0.03,0.025,,,,,
20260624_195700,24/6/26,19:57:00,83663692-07f6-454e-89b4-1e5bf6053253,22,45.19954813,47.56619113,2.366643007,Apidae,Bombus,Bombus terrestris,0.746419808,0.724358616,0.357715229,22,376.0886901,350.0914166,0.346320345,0.999999997,0.432462033,True,True,True,True,True,True,6,32.4,0.55,0.4,0.9,27,0.03,0.025,,,,,
20260624_195700,24/6/26,19:57:00,d743cc42-2c97-4743-9fe7-18285fa13e38,18,31.76634909,34.7663191,2.999970008,Apidae,Bombus,Bombus pratorum,0.89179946,0.84771053,0.340174523,18,731.7962765,209.2803144,0.098039215,0.818230374,0.680083205,True,True,True,True,True,True,6,32.4,0.55,0.4,0.9,27,0.03,0.025,,,,,
20260624_195700,24/6/26,19:57:00,03744573-cff6-4954-a681-98ac14c8dc15,10,36.1329721,36.4996351,0.366663001,Apidae,Bombus,Bombus pascuorum,0.648075458,0.65522328,0.21293878,10,256.1100775,133.7348122,0.355555548,0.851723386,0.478744535,True,True,True,True,True,True,6,32.4,0.55,0.4,0.9,27,0.03,0.025,,,True,False,
20260624_195700,24/6/26,19:57:00,810e1340-6bb5-470c-8bac-4e2270fd0e60,9,28.89971108,29.46637208,0.566661002,Apidae,Bombus,Bombus terrestris,0.421625419,0.45639661,0.143015349,9,131.5471942,118.120701,0.499999986,0.999999992,0.659799767,True,True,True,True,True,True,6,32.4,0.55,0.4,0.9,27,0.03,0.025,,,True,False,
20260624_200806,24/6/26,20:08:06,27f479ab-ba93-4f4b-9bec-533fb48d3a24,30,39.96626734,41.59958435,1.633317014,Apidae,Bombus,Bombus pascuorum,0.555532059,0.567447217,0.169321701,30,653.3901696,55.31952639,0.358620689,0.474361021,0.851159101,True,True,True,True,True,True,6,32.4,0.55,0.4,0.9,27,0.03,0.025,,,True,False,
20260624_200806,24/6/26,20:08:06,04b14e7b-ce04-4412-a42e-2f203960f1ea,14,40.16626534,40.83292534,0.666660006,Apidae,Bombus,Bombus pascuorum,0.584990938,0.583938535,0.188823057,14,286.2062724,131.2030869,0.37362637,0.828138287,0.868497773,True,True,True,True,True,True,6,32.4,0.55,0.4,0.9,27,0.03,0.025,,,True,False,
20260624_200806,24/6/26,20:08:06,cf326a78-914a-44b3-8246-9a4e9af6e6a3,6,39.93293433,40.13293234,0.199998002,Apidae,Bombus,Bombus pratorum,0.558769315,0.546068951,0.152930329,6,138.5311734,110.3777604,0.399999973,0.991601461,0.615723332,True,True,True,True,True,True,6,32.4,0.55,0.4,0.9,27,0.03,0.025,,,True,False,
20260624_201908,24/6/26,20:19:08,0eda6c46-d713-4060-9c16-4f540725d166,19,18.2664841,19.23314111,0.966657005,Apidae,Bombus,Bombus pratorum,0.853488552,0.805225579,0.322894421,19,684.3065603,193.3726971,0.040935672,0.722434406,0.664476918,True,True,True,True,True,True,6,32.4,0.55,0.4,0.9,27,0.03,0.025,,,,,
20260624_201908,24/6/26,20:19:08,36945d30-3c6a-4ecf-b94f-a9b48b85f200,10,57.83275532,58.43274933,0.599994003,Apidae,Bombus,Bombus pascuorum,0.587634957,0.665046382,0.241912227,10,268.647502,84.62416912,0.444444435,0.939558335,0.870611781,True,True,True,True,True,True,6,32.4,0.55,0.4,0.9,27,0.03,0.025,,,True,False,
20260624_201908,24/6/26,20:19:08,81beb24c-a9e4-4c88-8be0-fb2b775ff178,8,7.466592042,8.633247048,1.166655007,Apidae,Bombus,Bombus terrestris,0.689625457,0.705066323,0.253880512,8,93.81961672,77.4209274,0.464285698,0.939834615,0.542726397,True,True,True,True,True,True,6,32.4,0.55,0.4,0.9,27,0.03,0.025,,,True,False,
20260624_201908,24/6/26,20:19:08,b0b871bb-055f-4351-b7ff-f6f374fa6221,8,7.999920045,10.73322606,2.733306015,Apidae,Bombus,Bombus pratorum,0.690964017,0.672394782,0.224584144,8,308.1305037,279.330002,0.249999991,0.999999996,0.79890671,True,True,True,True,True,True,6,32.4,0.55,0.4,0.9,27,0.03,0.025,,,True,False,
20260624_201908,24/6/26,20:19:08,b602d862-197c-4d83-a805-1f45133f8d9d,6,55.99944031,57.99942032,1.999980011,Apidae,Bombus,Bombus terrestris,0.63616245,0.652123719,0.195395061,6,335.0603226,230.851684,0.199999987,0.999999996,0.380443635,True,True,True,True,True,True,6,32.4,0.55,0.4,0.9,27,0.03,0.025,,,True,False,
20260624_203014,24/6/26,20:30:14,9ead407e-118c-4869-a64e-728f60ebdebe,44,54.86611831,59.56607133,4.699953026,Apidae,Bombus,Bombus pascuorum,0.43282326,0.461914892,0.129435506,44,1174.980497,97.51410154,0.499999999,0.553787054,0.840270837,True,True,True,True,True,True,6,32.4,0.55,0.4,0.9,27,0.03,0.025,,,True,False,
20260624_203014,24/6/26,20:30:14,49c2a083-ff00-44d6-bffa-133b20ce531b,22,54.96611731,59.06607633,4.099959023,Apidae,Bombus,Bombus pascuorum,0.586838588,0.577400164,0.190252104,22,1175.000445,501.1112651,0.225108224,0.992927551,0.684503962,True,True,True,True,True,True,6,32.4,0.55,0.4,0.9,27,0.03,0.025,,,True,False,
20260624_203014,24/6/26,20:30:14,135d0176-781f-4dbd-b081-730bec7ab125,16,38.33295021,39.69960322,1.366653008,Apidae,Bombus,Bombus terrestris,0.615864016,0.618192228,0.169381776,16,438.6627895,65.24760532,0.524999996,0.914973291,0.812963443,True,True,True,True,True,True,6,32.4,0.55,0.4,0.9,27,0.03,0.025,,,True,False,
20260624_203014,24/6/26,20:30:14,e93d9ace-a72d-4fa1-8f62-a6899deec023,6,0.166665001,0.799992004,0.633327004,Apidae,Bombus,Bombus pascuorum,0.465895673,0.488265504,0.156419231,6,199.0085945,138.8524397,0.333333311,0.973582367,0.775813548,True,True,True,True,True,True,6,32.4,0.55,0.4,0.9,27,0.03,0.025,,,True,False,
20260624_212545,24/6/26,21:25:45,49d4cefa-5662-4c4b-9ce7-8203891218f1,46,20.16646511,23.56643113,3.399966019,Apidae,Bombus,Bombus pratorum,0.896153712,0.903384999,0.44058417,46,639.2759777,333.5880693,0.198067633,0.999999997,0.515466303,True,True,True,True,True,True,6,32.4,0.55,0.4,0.9,27,0.03,0.025,,,,,
20260624_214755,24/6/26,21:47:55,292c771d-4d61-4cba-9239-84f83bc3f5e7,8,37.36629321,37.66629021,0.299997002,Apidae,Bombus,Bombus pascuorum,0.576851416,0.553785831,0.172978536,8,641.8734024,584.4848159,0.0,0.999999998,0.103827317,True,True,True,True,True,True,6,32.4,0.55,0.4,0.9,27,0.03,0.025,,,True,False,
20260624_215856,24/6/26,21:58:56,711ddc97-1d23-4505-82d4-2a0dfdb95819,13,14.23319112,17.53315815,3.299967028,Apidae,Bombus,Bombus pratorum,0.80461613,0.783941938,0.197585123,13,194.4119292,59.4831909,0.333333329,0.882978325,0.727220112,True,True,True,True,True,True,6,32.4,0.55,0.4,0.9,27,0.03,0.025,,,,,
20260625_052850,25/6/26,5:28:50,2c831f64-26e3-4f10-a932-682d95ebb910,70,14.19985812,16.76649914,2.566641022,Apidae,Bombus,Bombus pratorum,0.820709876,0.788319287,0.320942366,70,1005.920735,297.3436564,0.115113872,0.964425997,0.739886944,True,True,True,True,True,True,6,32.4,0.55,0.4,0.9,27,0.03,0.025,,,,,
20260625_052850,25/6/26,5:28:50,873e5174-c8f7-420e-8b69-067c680054bc,58,22.19977819,25.86640822,3.666630031,Apidae,Bombus,Bombus pratorum,0.887265377,0.85497856,0.37568296,58,713.965304,360.6594654,0.182093164,0.999999997,0.85947003,True,True,True,True,True,True,6,32.4,0.55,0.4,0.9,27,0.03,0.025,,,,,
20260625_052850,25/6/26,5:28:50,aa357f45-b7b6-40ce-8a4f-8a13e21a018d,27,26.19973822,27.06639623,0.866658007,Apidae,Bombus,Bombus pratorum,0.78332427,0.74939547,0.311865326,27,1013.063462,794.0757206,0.082621082,0.999999999,0.290313203,True,True,True,True,True,True,6,32.4,0.55,0.4,0.9,27,0.03,0.025,,,,,
20260625_052850,25/6/26,5:28:50,2ee35617-403d-402a-8dc5-272a6a857242,26,6.999930059,9.633237081,2.633307022,Apidae,Bombus,Bombus pratorum,0.926368016,0.892783534,0.389807228,26,294.1386997,196.5101779,0.206153846,0.975008507,0.580378883,True,True,True,True,True,True,6,32.4,0.55,0.4,0.9,27,0.03,0.025,,,,,
20260625_052850,25/6/26,5:28:50,993f2abd-4dcf-489e-8b4b-cd60f58e0e87,20,0.433329004,3.366633028,2.933304025,Apidae,Bombus,Bombus pratorum,0.951507831,0.940352273,0.51834583,20,351.0382998,258.6087779,0.210526315,0.999999996,0.384032392,True,True,True,True,True,True,6,32.4,0.55,0.4,0.9,27,0.03,0.025,,,,,
20260625_073101,25/6/26,7:31:01,b03ba910-74a1-4d2e-9d64-cc86967cedde,29,35.8329751,38.66628011,2.833305008,Apidae,Bombus,Bombus lapidarius,0.815514517,0.816386874,0.382287413,29,514.4805022,58.97669031,0.396551723,0.888879805,0.848354046,True,True,True,True,True,True,6,32.4,0.55,0.4,0.9,27,0.03,0.025,,,True,False,
20260625_073101,25/6/26,7:31:01,c36bb4f7-fbc6-4baa-a26a-c8bbd524a516,24,32.86633809,37.3329601,4.466622013,Apidae,Bombus,Bombus pratorum,0.577179797,0.576608747,0.238014641,24,945.7016069,200.0906045,0.206521738,0.856759984,0.89067812,True,True,True,True,True,True,6,32.4,0.55,0.4,0.9,27,0.03,0.025,,,True,False,
20260625_073101,25/6/26,7:31:01,f9f577d1-78a8-445b-bcc0-74bbfbf6d526,10,36.2663041,37.59962411,1.333320004,Apidae,Bombus,Bombus terrestris,0.662724394,0.647273049,0.199751309,10,576.9504723,264.5042533,0.355555548,0.994682695,0.67815873,True,True,True,True,True,True,6,32.4,0.55,0.4,0.9,27,0.03,0.025,,,,,
20260625_074208,25/6/26,7:42:08,bcf2e682-5cb4-4207-ab0a-c4888b7914a6,8,25.56641114,26.89973115,1.333320007,Apidae,Bombus,Bombus pratorum,0.685824089,0.651527993,0.201497162,8,196.9488534,34.22352992,0.357142844,0.569897667,0.7101171,True,True,True,True,True,True,6,32.4,0.55,0.4,0.9,27,0.03,0.025,,,True,False,
20260625_074208,25/6/26,7:42:08,9b2317bd-c527-4882-912c-f8f1b842c5e4,6,4.399956025,4.599954026,0.199998001,Apidae,Bombus,Bombus pascuorum,0.622791499,0.557980813,0.179944361,6,531.6076736,257.9554225,0.066666662,0.999999996,0.528558921,True,True,True,True,True,True,6,32.4,0.55,0.4,0.9,27,0.03,0.025,,,,,
20260625_075313,25/6/26,7:53:13,178f68a0-b01d-428a-bd01-badf4e90bf55,139,32.73300618,41.93291423,9.199908051,Apidae,Bombus,Bombus terrestris,0.680859378,0.677624605,0.369290574,139,2071.644353,522.8080432,0.091335627,0.83774627,0.810826979,True,True,True,True,True,True,6,32.4,0.55,0.4,0.9,27,0.03,0.025,,,,,
20260625_075313,25/6/26,7:53:13,5079af87-0ddc-4d8d-93de-dac102d3596d,55,32.79967218,39.29960722,6.499935036,Apidae,Bombus,Bombus terrestris,0.709896234,0.712961033,0.3354836,55,1345.482045,550.5018165,0.126599327,0.999999998,0.680671637,True,True,True,True,True,True,6,32.4,0.55,0.4,0.9,27,0.03,0.025,,,,,
20260625_075313,25/6/26,7:53:13,a2833c10-2856-491f-9817-7996092fe3c6,45,28.33305016,29.79970217,1.466652008,Apidae,Bombus,Bombus terrestris,0.781345536,0.783168566,0.427750368,45,346.4619623,181.5881329,0.513131313,0.979591672,0.687166726,True,True,True,True,True,True,6,32.4,0.55,0.4,0.9,27,0.03,0.025,,,,,
20260625_075313,25/6/26,7:53:13,94b2ee8d-f7d6-4d7e-bc42-fadbce41ebf7,29,50.06616628,51.13282229,1.066656006,Apidae,Bombus,Bombus terrestris,0.526790834,0.533250633,0.225677232,29,664.793253,305.8054937,0.145320197,0.999999997,0.60635868,True,True,True,True,True,True,6,32.4,0.55,0.4,0.9,27,0.03,0.025,,,,,
20260625_075313,25/6/26,7:53:13,bb0e270e-8a5b-4ca6-a3b9-54fa449402ac,24,12.46654207,13.29986707,0.833325005,Apidae,Bombus,Bombus terrestris,0.791941373,0.804222107,0.66280082,24,653.2405653,551.9467819,0.039855072,0.999999998,0.235500728,True,True,True,True,True,True,6,32.4,0.55,0.4,0.9,27,0.03,0.025,,,,,
20260625_075313,25/6/26,7:53:13,7766513b-4cd3-4eb1-83f7-bf72fd5cbbd5,17,8.033253045,8.833245049,0.799992004,Apidae,Bombus,Bombus terrestris,0.68394035,0.688174064,0.462855668,17,323.1738486,205.1078984,0.169117646,0.999999995,0.355712948,True,True,True,True,True,True,6,32.4,0.55,0.4,0.9,27,0.03,0.025,,,,,
20260625_075313,25/6/26,7:53:13,ed4227bc-fc03-46ca-aafd-c2edb1dedb09,13,8.433249047,8.86657805,0.433329002,Apidae,Bombus,Bombus terrestris,0.711358987,0.678679167,0.390851704,13,97.1957815,68.50182479,0.499999994,0.999999985,0.348204094,True,True,True,True,True,True,6,32.4,0.55,0.4,0.9,27,0.03,0.025,,,,,
20260625_075313,25/6/26,7:53:13,7930fcdf-322a-42ae-b31e-ba203ab9270c,10,50.16616528,51.13282229,0.966657005,Apidae,Bombus,Bombus terrestris,0.686523807,0.659973341,0.26654409,10,726.3588105,270.5018484,0.044444443,0.999999996,0.518217803,True,True,True,True,True,True,6,32.4,0.55,0.4,0.9,27,0.03,0.025,,,,,
20260625_075313,25/6/26,7:53:13,2603ad59-0d94-4aeb-af44-7879a7f97d47,9,3.333300019,3.59996402,0.266664001,Apidae,Bombus,Bombus terrestris,0.816623754,0.849515663,0.77319671,9,153.8976737,122.2497444,0.222222216,0.999999992,0.172239721,True,True,True,True,True,True,6,32.4,0.55,0.4,0.9,27,0.03,0.025,,,,,
20260625_115152,25/6/26,11:51:52,8a1eb7cc-c58c-432e-b66b-96509b27573f,56,40.86625811,45.06621613,4.199958012,Apidae,Apis,Apis mellifera,0.745544105,0.357674766,0.359779492,56,347.4001935,149.7414438,0.485064935,0.907869937,0.866040504,True,True,True,True,True,True,6,32.4,0.55,0.4,0.9,27,0.03,0.025,,,,,
20260625_115152,25/6/26,11:51:52,38035703-62fc-4e07-ac96-89e84c96dd6b,39,23.59976407,27.49972508,3.899961011,Apidae,Bombus,Bombus terrestris,0.655424678,0.655902912,0.322103327,39,852.5699881,190.339171,0.132253711,0.584078926,0.872392044,True,True,True,True,True,True,6,32.4,0.55,0.4,0.9,27,0.03,0.025,,,,,
20260625_115152,25/6/26,11:51:52,0a83bc4f-ab25-4846-bab1-40453913c1b9,28,38.66628011,40.66626011,1.999980006,Apidae,Apis,Apis mellifera,0.845456824,0.631068824,0.624346879,28,865.2698381,485.1355481,0.208994708,0.999999998,0.486834956,True,True,True,True,True,True,6,32.4,0.55,0.4,0.9,27,0.03,0.025,,,,,
20260625_115152,25/6/26,11:51:52,ef3498bf-4104-4122-8655-d42bdd8cea33,25,23.73309607,26.89973108,3.166635009,Apidae,Bombus,Bombus terrestris,0.577840928,0.586731982,0.314609729,25,671.6047161,295.2020495,0.113333333,0.772853059,0.578174045,True,True,True,True,True,True,6,32.4,0.55,0.4,0.9,27,0.03,0.025,,,,,
20260625_115152,25/6/26,11:51:52,cdb0e745-7a2a-469f-a1ed-eec643e6abfe,10,30.26636408,30.56636109,0.299997001,Apidae,Bombus,Bombus terrestris,0.64612813,0.660766926,0.473048525,10,200.3789346,180.2775638,0.199999996,0.999999994,0.137053587,True,True,True,True,True,True,6,32.4,0.55,0.4,0.9,27,0.03,0.025,,,,,
20260625_115152,25/6/26,11:51:52,4a00e239-ef09-4a29-8c11-d321ea94ab2b,7,8.033253023,9.733236027,1.699983005,Apidae,Bombus,Bombus terrestris,0.630806705,0.57500613,0.145565491,7,632.4460159,362.5344811,0.0,0.999999997,0.613246933,True,True,True,True,True,True,6,32.4,0.55,0.4,0.9,27,0.03,0.025,,,,,
20260625_121404,25/6/26,12:14:04,e4a466ad-1200-41db-8b4f-b29399776929,72,40.13293234,44.39955637,4.266624036,Apidae,Bombus,Bombus pascuorum,0.656754207,0.615528351,0.193524399,72,1255.622069,504.4368147,0.267605634,0.999999998,0.789129017,True,True,True,True,True,True,6,32.4,0.55,0.4,0.9,27,0.03,0.025,,,,,
20260625_121404,25/6/26,12:14:04,918c754e-8e18-4ab4-b70a-6ca5ece9bb64,64,19.73313617,25.13308221,5.399946045,Apidae,Apis,Apis mellifera,0.832984183,0.433379644,0.40617517,64,1147.754302,369.6393513,0.15922619,0.838046587,0.707726447,True,True,True,True,True,True,6,32.4,0.55,0.4,0.9,27,0.03,0.025,,,,,
20260625_121404,25/6/26,12:14:04,7ada455c-66fc-4fb4-80a3-699877a46bc2,49,22.23311119,25.13308221,2.899971024,Apidae,Bombus,Bombus pascuorum,0.78903994,0.559974412,0.17959658,49,742.4257317,400.8216561,0.258503401,0.985944619,0.698429195,True,True,True,True,True,True,6,32.4,0.55,0.4,0.9,27,0.03,0.025,,,,,
20260625_121404,25/6/26,12:14:04,ee6ec5bc-df18-44e5-82b7-9faaef8f6060,27,42.23291136,43.99956037,1.766649015,Apidae,Bombus,Bombus lapidarius,0.547485065,0.535892511,0.152256904,27,580.8027344,346.5862086,0.490028489,0.999999997,0.812999243,True,True,True,True,True,True,6,32.4,0.55,0.4,0.9,27,0.03,0.025,,,,,
20260625_121404,25/6/26,12:14:04,3e3b3a8e-ca78-4981-934d-7f8e824dc7d9,19,38.69961333,39.39960633,0.699993006,Apidae,Apis,Apis mellifera,0.915032346,0.681257881,0.684534282,19,524.7837811,273.9945255,0.198830408,0.999999996,0.675224974,True,True,True,True,True,True,6,32.4,0.55,0.4,0.9,27,0.03,0.025,,,,,
20260625_132133,25/6/26,13:21:33,6729dff3-a4d5-48e2-91c6-8f7599a9d0c0,89,17.6664901,23.39976613,5.733276032,Apidae,Apis,Apis mellifera,0.843491593,0.654370981,0.634081403,89,1689.750304,859.48662,0.076353422,0.999999999,0.743432144,True,True,True,True,True,True,6,32.4,0.55,0.4,0.9,27,0.03,0.025,,,,,
20260625_132133,25/6/26,13:21:33,5e94a18a-4b00-491e-85c6-bec395bb6509,40,26.89973115,30.19969817,3.299967018,Apidae,Apis,Apis mellifera,0.825492159,0.601023385,0.583504616,40,479.8453648,347.3974669,0.184615384,0.968065995,0.474875458,True,True,True,True,True,True,6,32.4,0.55,0.4,0.9,27,0.03,0.025,,,,,
20260625_132133,25/6/26,13:21:33,88a22393-c932-4e58-8d1c-640b830bc36f,30,22.93310413,24.33309014,1.399986008,Apidae,Apis,Apis mellifera,0.833564502,0.643029492,0.630714023,30,877.103017,413.7203162,0.331034482,0.942842856,0.720516135,True,True,True,True,True,True,6,32.4,0.55,0.4,0.9,27,0.03,0.025,,,,,
20260625_135500,25/6/26,13:55:00,c53f0b41-6a21-4308-89be-f5387d93ea45,8,53.499465,57.199428,3.699963,Apidae,Bombus,Bombus lapidarius,0.76859089,0.767654605,0.303147471,8,534.8805014,282.6274049,0.142857138,0.999999996,0.583049738,True,True,True,True,True,True,6,32.4,0.55,0.4,0.9,27,0.03,0.025,,,True,False,
20260625_141720,25/6/26,14:17:20,1b1db6df-3c96-479e-bcea-fa77cf3fc9bf,117,51.03282328,54.89945131,3.866628022,Apidae,Bombus,Bombus terrestris,0.818806701,0.725131918,0.287898773,117,568.1902704,229.578418,0.321986443,0.978903412,0.750797804,True,True,True,True,True,True,6,32.4,0.55,0.4,0.9,27,0.03,0.025,,,,,
20260625_141720,25/6/26,14:17:20,34ea4001-a531-4930-a7dd-b167ffe1838e,69,41.29958723,46.99953026,5.699943032,Apidae,Bombus,Bombus terrestris,0.822434445,0.801190211,0.424099132,69,1631.304887,913.7190487,0.163256607,0.998146967,0.731373428,True,True,True,True,True,True,6,32.4,0.55,0.4,0.9,27,0.03,0.025,,,,,
20260625_141720,25/6/26,14:17:20,1026498f-2350-43fd-b9d1-5df163946654,59,44.89955125,47.63285727,2.733306015,Apidae,Bombus,Bombus terrestris,0.668040256,0.656753197,0.371316145,59,1149.169645,757.4597349,0.346580947,0.897517532,0.725776947,True,True,True,True,True,True,6,32.4,0.55,0.4,0.9,27,0.03,0.025,,,,,
20260625_141720,25/6/26,14:17:20,edb02388-868a-4d20-ab70-0789b07a73e3,46,30.63302717,34.66632019,4.033293023,Apidae,Bombus,Bombus terrestris,0.658169083,0.676369795,0.349149829,46,647.0549979,213.1384527,0.2,0.932602546,0.687473161,True,True,True,True,True,True,6,32.4,0.55,0.4,0.9,27,0.03,0.025,,,,,
20260625_141720,25/6/26,14:17:20,c5e52025-1a22-477f-ae83-f2048eeb3eaf,18,0.033333,0.599994003,0.566661003,Apidae,Bombus,Bombus terrestris,0.650454951,0.656109931,0.284043001,18,390.6252188,260.9334206,0.156862744,0.954000115,0.459352232,True,True,True,True,True,True,6,32.4,0.55,0.4,0.9,27,0.03,0.025,,,,,
20260625_141720,25/6/26,14:17:20,0e9e93cb-f530-4e19-85f3-69341bd49032,13,15.16651508,15.63317709,0.466662003,Apidae,Bombus,Bombus terrestris,0.870085368,0.863987805,0.619227821,13,212.3822161,141.0717902,0.269230766,0.985913527,0.409781898,True,True,True,True,True,True,6,32.4,0.55,0.4,0.9,27,0.03,0.025,,,,,
20260625_141720,25/6/26,14:17:20,0990454c-a3d2-464e-9a3c-9038fc10127d,8,15.16651508,15.73317609,0.566661003,Apidae,Bombus,Bombus terrestris,0.760391138,0.778930768,0.437469815,8,346.351111,325.4358616,0.142857138,0.999999997,0.61032062,True,True,True,True,True,True,6,32.4,0.55,0.4,0.9,27,0.03,0.025,,,,,
20260625_151304,25/6/26,15:13:04,013aafd4-d562-4aa7-b069-3fe8ced1d43f,107,34.132992,37.899621,3.766629,Apidae,Apis,Apis mellifera,0.781101223,0.399455822,0.397911698,107,1055.83273,599.9885416,0.195027332,0.972860413,0.71972674,True,True,True,True,True,True,6,32.4,0.55,0.4,0.9,27,0.03,0.025,,,,,
20260625_151304,25/6/26,15:13:04,4abf157e-71e0-4204-933a-e544dda9b834,41,40.566261,43.66623,3.099969,Apidae,Bombus,Bombus pascuorum,0.723421171,0.618426074,0.397559769,41,341.3435006,194.3296169,0.540243902,0.999999995,0.69725675,True,True,True,True,True,True,6,32.4,0.55,0.4,0.9,27,0.03,0.025,,,,,
20260625_153523,25/6/26,15:35:23,305cdfa8-6686-4d4a-9627-179cdca2d2b2,8,20.83312512,21.33312012,0.499995003,Apidae,Bombus,Bombus pascuorum,0.638406307,0.507398339,0.140168708,8,860.7315615,754.313761,0.0,0.999999999,0.240265803,True,True,True,True,True,True,6,32.4,0.55,0.4,0.9,27,0.03,0.025,,,,,
20260625_154637,25/6/26,15:46:37,010d47da-facb-4003-ab07-d468d5f20f5a,82,40.89959123,44.83288525,3.933294022,Apidae,Bombus,Bombus pascuorum,0.834731376,0.516298022,0.247599719,82,1950.088556,952.2732013,0.243300211,0.991246732,0.826642225,True,True,True,True,True,True,6,32.4,0.55,0.4,0.9,27,0.03,0.025,,,,,
20260625_154637,25/6/26,15:46:37,b9f41e19-a132-4c70-90a7-134c499b8c71,49,43.19956824,45.26621425,2.066646012,Apidae,Apis,Apis mellifera,0.905137013,0.661970868,0.642430483,49,603.4963685,196.2371015,0.406462585,0.934767133,0.680084471,True,True,True,True,True,True,6,32.4,0.55,0.4,0.9,27,0.03,0.025,,,,,
20260625_155751,25/6/26,15:57:51,42dd1ed4-3a81-4d0b-84a9-7828a68f7cf6,61,53.1661353,56.73276632,3.56663102,Apidae,Apis,Apis mellifera,0.916670413,0.76405622,0.762990976,61,690.696906,133.3051012,0.496174863,0.946015277,0.876034891,True,True,True,True,True,True,6,32.4,0.55,0.4,0.9,27,0.03,0.025,,,,,
20260625_155751,25/6/26,15:57:51,ebf89943-b936-41b6-bad9-32ed6c3866e0,58,15.89984109,21.03312312,5.133282029,Apidae,Bombus,Bombus terrestris,0.666919246,0.671782124,0.512377193,58,1058.017201,667.0367306,0.137326074,0.916984273,0.693824199,True,True,True,True,True,True,6,32.4,0.55,0.4,0.9,27,0.03,0.025,,,,,
20260625_155751,25/6/26,15:57:51,70c9be6e-f52b-4707-8787-bf4de0743c5d,38,53.1328023,56.43276932,3.299967018,Apidae,Bombus,Bombus pascuorum,0.727986857,0.423148029,0.167420038,38,570.6631964,78.08969202,0.372688477,0.67027926,0.889588284,True,True,True,True,True,True,6,32.4,0.55,0.4,0.9,27,0.03,0.025,,,,,
20260625_155751,25/6/26,15:57:51,9e7c6883-546e-4493-b0ba-894eb6d6eb4d,25,12.26654407,13.06653607,0.799992004,Apidae,Bombus,Bombus terrestris,0.801468278,0.839832774,0.61314586,25,326.7879891,240.8137247,0.243333333,0.992550606,0.567087565,True,True,True,True,True,True,6,32.4,0.55,0.4,0.9,27,0.03,0.025,,,,,
20260625_162017,25/6/26,16:20:17,b7c1a895-ef52-406e-8e61-bd574689e930,35,21.69978324,23.06643626,1.366653015,Apidae,Apis,Apis mellifera,0.816441631,0.463614712,0.451022799,35,355.2545704,243.9103319,0.413445377,0.979525991,0.67255259,True,True,True,True,True,True,6,32.4,0.55,0.4,0.9,27,0.03,0.025,,,,,
20260625_162017,25/6/26,16:20:17,1f633b3c-ea9d-419c-8f27-517e22684bbf,21,12.69987314,13.76652915,1.066656012,Apidae,Apis,Apis mellifera,0.790232724,0.477510913,0.462905817,21,265.8290452,41.23105626,0.404761903,0.438529005,0.614252301,True,True,True,True,True,True,6,32.4,0.55,0.4,0.9,27,0.03,0.025,,,,,
20260625_162017,25/6/26,16:20:17,b5fedbcd-0716-47bd-8106-864c33a786d1,21,25.59974429,26.3997363,0.799992009,Apidae,Apis,Apis mellifera,0.802762919,0.450764838,0.444469591,21,197.2399838,125.5886141,0.480952379,0.980413329,0.396498741,True,True,True,True,True,True,6,32.4,0.55,0.4,0.9,27,0.03,0.025,,,,,
20260625_162017,25/6/26,16:20:17,42db9072-2ea2-4c72-84b6-6e2bead5ccd5,9,31.36635335,31.63301736,0.266664003,Apidae,Apis,Apis mellifera,0.976525876,0.874787259,0.865956138,9,263.0653887,242.8219512,0.055555554,0.999999996,0.089263466,True,True,True,True,True,True,6,32.4,0.55,0.4,0.9,27,0.03,0.025,,,,,
20260625_165340,25/6/26,16:53:40,d4db3d6b-430e-4919-b276-41777fbd2a1b,24,6.99993,7.933254,0.933324,Apidae,Bombus,Bombus terrestris,0.677694379,0.654708283,0.398257442,24,856.8278888,673.6326892,0.068840579,0.999999999,0.293744773,True,True,True,True,True,True,6,32.4,0.55,0.4,0.9,27,0.03,0.025,,,,,
20260625_165340,25/6/26,16:53:40,770c1ffb-e18b-41e4-82f4-2b93030bc001,14,0.033333,0.933324,0.899991,Apidae,Bombus,Bombus terrestris,0.644343415,0.668906043,0.316092847,14,209.674268,174.1615629,0.263736261,0.999999994,0.25242412,True,True,True,True,True,True,6,32.4,0.55,0.4,0.9,27,0.03,0.025,,,,,
20260625_172703,25/6/26,17:27:03,23694c30-7ff9-4775-9d8c-b3389fb80f7c,115,27.46639215,36.99963021,9.533238053,Apidae,Apis,Apis mellifera,0.798219422,0.471260218,0.449085443,115,2108.324861,838.7505589,0.129519451,0.999999999,0.706456289,True,True,True,True,True,True,6,32.4,0.55,0.4,0.9,27,0.03,0.025,,,,,
20260625_172703,25/6/26,17:27:03,33350026-ad59-4496-ad56-024d450c3d85,25,19.83313511,20.66646012,0.833325005,Apidae,Apis,Apis mellifera,0.933550265,0.735624532,0.691418828,25,330.3631152,183.7947224,0.483333332,0.996766827,0.646246312,True,True,True,True,True,True,6,32.4,0.55,0.4,0.9,27,0.03,0.025,,,,,
20260625_172703,25/6/26,17:27:03,e116fe0e-a7e1-4e1a-837b-b852b4c0ca6e,15,27.49972515,30.66636017,3.166635018,Apidae,Bombus,Bombus pascuorum,0.779698076,0.599896924,0.163389644,15,703.3572301,479.7199704,0.114285713,0.958936629,0.370484091,True,True,True,True,True,True,6,32.4,0.55,0.4,0.9,27,0.03,0.025,,,,,
20260625_173817,25/6/26,17:38:17,79ba5e43-b6bb-431e-9d2b-a6f5ea2d6730,15,20.69979306,23.39976607,2.699973008,Apidae,Bombus,Bombus pratorum,0.519457452,0.444743522,0.133882363,15,186.5318748,119.2329652,0.485714281,0.999999992,0.846177571,True,True,True,True,True,True,6,32.4,0.55,0.4,0.9,27,0.03,0.025,,,True,False,
20260625_173817,25/6/26,17:38:17,d98ac108-f220-4061-8e00-85d8723592a1,6,39.53293811,39.79960211,0.266664001,Apidae,Bombus,Bombus pratorum,0.670659304,0.645760134,0.217045618,6,395.8222155,205.7000243,0.066666662,0.999999995,0.395297461,True,True,True,True,True,True,6,32.4,0.55,0.4,0.9,27,0.03,0.025,,,,,
20260625_180036,25/6/26,18:00:36,4b42aa32-cc91-43c0-a55d-304f2cd51b56,13,42.099579,46.132872,4.033293,Apidae,Bombus,Bombus pascuorum,0.674913897,0.568555788,0.281216828,13,1030.001669,142.9274291,0.346153842,0.955518081,0.882721109,True,True,True,True,True,True,6,32.4,0.55,0.4,0.9,27,0.03,0.025,,,,,
20260625_180036,25/6/26,18:00:36,f925fb68-de8b-424a-b575-86a31e06b112,11,12.966537,15.933174,2.966637,Syrphidae,Volucella,Volucella zonaria,0.451154645,0.4159822,0.324437805,11,203.4522042,39.56008089,0.309090903,0.999999975,0.79958852,True,True,True,True,True,True,6,32.4,0.55,0.4,0.9,27,0.03,0.025,,,True,False,
20260625_180036,25/6/26,18:00:36,4a70e521-8c5e-4626-90c8-fee82c628f06,9,42.466242,46.166205,3.699963,Apidae,Bombus,Bombus pascuorum,0.548974425,0.476865513,0.156091633,9,432.2937458,119.507322,0.222222216,0.565487485,0.654169366,True,True,True,True,True,True,6,32.4,0.55,0.4,0.9,27,0.03,0.025,,,True,False,
20260625_180036,25/6/26,18:00:36,f2d70427-0f91-42d4-bde7-17badef78aa5,8,39.399606,44.099559,4.699953,Apidae,Bombus,Bombus pratorum,0.53643962,0.511947338,0.170392346,8,683.4686223,430.035173,0.071428569,0.880371146,0.57145447,True,True,True,True,True,True,6,32.4,0.55,0.4,0.9,27,0.03,0.025,,,True,False,
20260625_180036,25/6/26,18:00:36,05839482-facb-4491-b89f-71918be923d2,8,42.33291,43.032903,0.699993,Apidae,Bombus,Bombus lapidarius,0.773167193,0.743980721,0.219655316,8,123.1334556,88.8270792,0.464285698,0.963167535,0.820266936,True,True,True,True,True,True,6,32.4,0.55,0.4,0.9,27,0.03,0.025,,,True,False,
20260625_180036,25/6/26,18:00:36,4d3fbce7-9320-4ff3-9e68-f57d247b0d96,6,10.499895,11.199888,0.699993,Apidae,Bombus,Bombus pascuorum,0.489414955,0.416504383,0.115268494,6,179.1669996,87.78667325,0.399999973,0.836101466,0.820872161,True,True,True,True,True,True,6,32.4,0.55,0.4,0.9,27,0.03,0.025,,,True,False,
20260625_180036,25/6/26,18:00:36,5046d2e0-878e-4026-8dc8-8c27b2fd78cd,6,10.566561,11.466552,0.899991,Apidae,Bombus,Bombus pratorum,0.571524312,0.515571023,0.17385268,6,234.3473141,136.821051,0.199999987,0.828914074,0.535765558,True,True,True,True,True,True,6,32.4,0.55,0.4,0.9,27,0.03,0.025,,,True,False,
20260625_180036,25/6/26,18:00:36,17cf2a7b-164c-4574-b697-a16c86da0640,6,13.199868,15.733176,2.533308,Apidae,Bombus,Bombus pratorum,0.539532085,0.492731874,0.179436722,6,173.8341844,155.435678,0.466666636,0.979930761,0.717923033,True,True,True,True,True,True,6,32.4,0.55,0.4,0.9,27,0.03,0.025,,,True,False,
20260625_180036,25/6/26,18:00:36,efa03c3e-1130-4bbd-ae22-d710dc75cca1,6,43.466232,44.432889,0.966657,Apidae,Bombus,Bombus pratorum,0.489961922,0.493980671,0.206458261,6,349.6780281,125.399362,0.199999987,0.999999992,0.443080891,True,True,True,True,True,True,6,32.4,0.55,0.4,0.9,27,0.03,0.025,,,True,False,
20260625_181146,25/6/26,18:11:46,ab967b23-e459-4a74-a206-56cd1e64bb89,9,39.96626722,42.96623724,2.999970017,Apidae,Bombus,Bombus pratorum,0.606717984,0.608563721,0.233815533,9,229.7675378,119.4748928,0.444444432,0.997974532,0.814400688,True,True,True,True,True,True,6,32.4,0.55,0.4,0.9,27,0.03,0.025,,,True,False,
20260625_181146,25/6/26,18:11:46,85dc8280-e867-4888-bfde-9c5dd00a56a3,6,32.49967518,33.13300218,0.633327004,Apidae,Bombus,Bombus pascuorum,0.536530435,0.504499609,0.171142586,6,224.8177518,172.5007246,0.333333311,0.999999994,0.431084127,True,True,True,True,True,True,6,32.4,0.55,0.4,0.9,27,0.03,0.025,,,True,False,
20260625_182252,25/6/26,18:22:52,ebb995c8-a0c1-46c8-8420-36e690b83cd9,20,4.199958,4.966617,0.766659,Apidae,Apis,Apis mellifera,0.928452936,0.636686592,0.64476708,20,759.4180096,458.0747756,0.036842105,0.966319688,0.389573616,True,True,True,True,True,True,6,32.4,0.55,0.4,0.9,27,0.03,0.025,,,,,
20260625_182252,25/6/26,18:22:52,fc0ff675-37b3-4086-b294-f75ca1455903,20,5.233281,6.166605,0.933324,Apidae,Apis,Apis mellifera,0.925770712,0.725496383,0.697888764,20,423.5764834,308.4367844,0.115789473,0.98926819,0.333594822,True,True,True,True,True,True,6,32.4,0.55,0.4,0.9,27,0.03,0.025,,,,,
20260625_182252,25/6/26,18:22:52,1811a6c1-0c83-43c2-b568-be29c879d599,7,15.299847,16.299837,0.99999,Apidae,Bombus,Bombus pratorum,0.689720316,0.638932994,0.206828935,7,146.9536631,133.0432261,0.428571408,0.999999992,0.475487158,True,True,True,True,True,True,6,32.4,0.55,0.4,0.9,27,0.03,0.025,,,True,False,
20260625_183358,25/6/26,18:33:58,95a14a75-31e9-4486-b5bd-4c07eb75048e,11,11.23322103,12.09987903,0.866658002,Apidae,Bombus,Bombus pascuorum,0.78026331,0.7505735,0.267162175,11,562.2554662,80.62257748,0.25454545,0.804928864,0.869396901,True,True,True,True,True,True,6,32.4,0.55,0.4,0.9,27,0.03,0.025,,,True,False,
20260625_183358,25/6/26,18:33:58,11e2dc7c-58c2-4621-a5ba-8bd281d7a32b,8,15.19984804,15.79984204,0.599994002,Apidae,Bombus,Bombus pascuorum,0.679869674,0.668656781,0.269789353,8,296.3106734,196.7358635,0.249999991,0.999999995,0.703349044,True,True,True,True,True,True,6,32.4,0.55,0.4,0.9,27,0.03,0.025,,,True,False,
20260625_183358,25/6/26,18:33:58,e88a6b83-a61c-40c9-9202-5a3d1fcbd686,6,15.79984204,18.46648205,2.666640007,Apidae,Bombus,Bombus pascuorum,0.633542905,0.619124701,0.224854512,6,194.5265535,182.5445151,0.466666636,0.999999995,0.291657734,True,True,True,True,True,True,6,32.4,0.55,0.4,0.9,27,0.03,0.025,,,True,False,
20260625_184501,25/6/26,18:45:01,7a77ef51-ef00-42f7-9c62-adfbd03b7859,14,7.799922044,10.39989606,2.599974015,Apidae,Bombus,Bombus pascuorum,0.643097247,0.629499927,0.216103613,14,619.6221553,195.1435369,0.12087912,0.999999995,0.695906728,True,True,True,True,True,True,6,32.4,0.55,0.4,0.9,27,0.03,0.025,,,True,False,
20260625_184501,25/6/26,18:45:01,e8f3dad7-247e-4c40-8195-faaba5bb1d3f,9,12.36654307,12.79987207,0.433329002,Apidae,Bombus,Bombus pratorum,0.652937465,0.648910205,0.286736502,9,135.8474149,85.58621384,0.416666655,0.946614626,0.679548778,True,True,True,True,True,True,6,32.4,0.55,0.4,0.9,27,0.03,0.025,,,True,False,
20260625_184501,25/6/26,18:45:01,7c8651aa-24af-4a92-a9c3-f405c433d652,8,8.89991105,10.39989606,1.499985008,Apidae,Bombus,Bombus pratorum,0.577562016,0.552546658,0.190272995,8,281.5448478,256.6096257,0.178571422,0.999999996,0.545736324,True,True,True,True,True,True,6,32.4,0.55,0.4,0.9,27,0.03,0.025,,,True,False,
20260625_184501,25/6/26,18:45:01,20b1ea59-1f6e-435c-9777-85bee2415c91,8,47.76618927,49.39950628,1.633317009,Apidae,Bombus,Bombus pratorum,0.519251801,0.491177045,0.219356369,8,135.534767,36.87817783,0.357142844,0.559193689,0.672642931,True,True,True,True,True,True,6,32.4,0.55,0.4,0.9,27,0.03,0.025,,,True,False,
20260625_185611,25/6/26,18:56:11,498d865a-85da-4168-a733-14236b8ee2e7,10,13.93319408,17.1998281,3.266634018,Apidae,Bombus,Bombus pratorum,0.550409064,0.526961735,0.199948291,10,287.220882,227.0693727,0.266666661,0.999999996,0.448018117,True,True,True,True,True,True,6,32.4,0.55,0.4,0.9,27,0.03,0.025,,,True,False,
20260625_185611,25/6/26,18:56:11,653400e4-a540-465f-9072-fda86dff4e23,9,13.89986108,15.89984109,1.999980011,Apidae,Bombus,Bombus pascuorum,0.509263691,0.462986767,0.134811999,9,102.5492869,51.50242713,0.416666655,0.974654154,0.794340754,True,True,True,True,True,True,6,32.4,0.55,0.4,0.9,27,0.03,0.025,,,True,False,
20260625_190720,25/6/26,19:07:20,7e303087-a1e3-44be-9be3-347e7f2ffa9e,27,21.69978312,27.13306215,5.43327903,Apidae,Bombus,Bombus lapidarius,0.56113026,0.527104646,0.213036694,27,600.8091369,171.5182206,0.307692307,0.829719142,0.721833877,True,True,True,True,True,True,6,32.4,0.55,0.4,0.9,27,0.03,0.025,,,True,False,
20260625_190720,25/6/26,19:07:20,7ae4c30d-5cfd-4868-a7d5-c388b457c1ba,10,8.366583047,10.09989906,1.73331601,Apidae,Bombus,Bombus pascuorum,0.528117204,0.573267847,0.157456745,10,311.3718355,192.0026041,0.377777769,0.999999995,0.799475447,True,True,True,True,True,True,6,32.4,0.55,0.4,0.9,27,0.03,0.025,,,True,False,
20260625_191832,25/6/26,19:18:32,1d5e346f-b9b9-42e3-9bd4-9b5bc868f0fb,23,44.26622425,47.56619127,3.299967018,Apidae,Bombus,Bombus terrestris,0.586486543,0.581183953,0.199029965,23,818.8651521,218.4931349,0.363636362,0.691730174,0.801610842,True,True,True,True,True,True,6,32.4,0.55,0.4,0.9,27,0.03,0.025,,,True,False,
20260625_191832,25/6/26,19:18:32,ee82f970-b726-4cc3-adc9-f89e6bcde55d,14,8.033253045,8.466582047,0.433329002,Apidae,Bombus,Bombus pratorum,0.662901141,0.6484963,0.267102069,14,251.5142746,219.9204402,0.164835163,0.999999995,0.238975906,True,True,True,True,True,True,6,32.4,0.55,0.4,0.9,27,0.03,0.025,,,,,
20260625_191832,25/6/26,19:18:32,07950c64-3e3c-455e-9751-4771bc206617,12,45.39954625,46.26620426,0.866658005,Apidae,Bombus,Bombus pratorum,0.593518553,0.545163651,0.213644226,12,187.8509538,145.259251,0.515151507,0.98320547,0.856126907,True,True,True,True,True,True,6,32.4,0.55,0.4,0.9,27,0.03,0.025,,,True,False,
20260625_191832,25/6/26,19:18:32,3bd00938-54d1-42f4-867f-7de20f6b8f9e,9,45.46621225,46.56620126,1.099989006,Apidae,Bombus,Bombus pratorum,0.644949317,0.616296,0.190789892,9,368.3180203,134.7367804,0.194444439,0.641207625,0.669963626,True,True,True,True,True,True,6,32.4,0.55,0.4,0.9,27,0.03,0.025,,,True,False,
20260625_191832,25/6/26,19:18:32,767b412e-3ca8-472a-9e74-75ef5405c17c,8,13.86652808,14.09985908,0.233331001,Apidae,Bombus,Bombus pascuorum,0.670395387,0.605723159,0.384378775,8,224.7269876,218.8863861,0.071428569,0.999999995,0.043021995,True,True,True,True,True,True,6,32.4,0.55,0.4,0.9,27,0.03,0.025,,,,,
20260625_191832,25/6/26,19:18:32,e545b1b9-260e-40a6-b8a6-232fbde6b631,6,44.39955625,45.69954326,1.299987007,Apidae,Bombus,Bombus pratorum,0.545204555,0.580373709,0.212760533,6,418.8420145,110.9200162,0.066666662,0.745871469,0.712822813,True,True,True,True,True,True,6,32.4,0.55,0.4,0.9,27,0.03,0.025,,,True,False,
20260625_192944,25/6/26,19:29:44,2f31620d-b769-4172-997c-fa95310c8f74,19,32.73300619,34.9663172,2.233311013,Apidae,Bombus,Bombus pascuorum,0.63029925,0.567563518,0.224507958,19,358.1782244,81.18035477,0.350877191,0.436767673,0.68256526,True,True,True,True,True,True,6,32.4,0.55,0.4,0.9,27,0.03,0.025,,,True,False,
20260625_192944,25/6/26,19:29:44,6e0a690a-3cb1-4cac-808f-af256a3bb149,10,24.36642314,28.56638116,4.199958024,Apidae,Bombus,Bombus lapidarius,0.803546411,0.745950645,0.271198209,10,432.556355,98.61541462,0.355555548,0.990209925,0.851430383,True,True,True,True,True,True,6,32.4,0.55,0.4,0.9,27,0.03,0.025,,,True,False,
20260625_192944,25/6/26,19:29:44,26c7e2f0-3977-47ae-8f4a-94dcf3e4439d,8,52.7328063,53.76612931,1.033323006,Apidae,Bombus,Bombus lapidarius,0.807153627,0.805293664,0.351867305,8,65.57996711,59.92703897,0.464285698,0.990123876,0.623864894,True,True,True,True,True,True,6,32.4,0.55,0.4,0.9,27,0.03,0.025,,,True,False,
20260625_194050,25/6/26,19:40:50,0b1a50db-b1ca-48e0-85ae-3005ac575bc6,25,18.53314816,21.76644918,3.233301027,Apidae,Bombus,Bombus pratorum,0.649571133,0.646529408,0.151087396,25,569.8207933,72.15434845,0.269999999,0.429634803,0.780919517,True,True,True,True,True,True,6,32.4,0.55,0.4,0.9,27,0.03,0.025,,,True,False,
20260625_194050,25/6/26,19:40:50,25846304-543e-4bb6-85f8-7f338998b51b,11,20.06646617,21.93311418,1.866648016,Apidae,Bombus,Bombus terrestris,0.491296641,0.576565675,0.261972373,11,199.3331199,120.0770586,0.345454539,0.999999992,0.733496345,True,True,True,True,True,True,6,32.4,0.55,0.4,0.9,27,0.03,0.025,,,True,False,
20260625_194050,25/6/26,19:40:50,33769a7b-74e3-47cc-ac1d-c00e203bb24e,10,18.66648016,21.73311618,3.066636026,Apidae,Bombus,Bombus pratorum,0.503056648,0.483766586,0.122414891,10,132.6633248,122.6019984,0.488888878,0.999999992,0.461791893,True,True,True,True,True,True,6,32.4,0.55,0.4,0.9,27,0.03,0.025,,,True,False,
20260625_194050,25/6/26,19:40:50,4708651c-94c2-4a49-ac9d-5df25b0b94c3,7,55.23278146,56.39943647,1.16665501,Apidae,Bombus,Bombus lapidarius,0.689867479,0.687354445,0.215834024,7,121.7316901,85.52338861,0.428571408,0.999999988,0.697077483,True,True,True,True,True,True,6,32.4,0.55,0.4,0.9,27,0.03,0.025,,,True,False,
20260625_195156,25/6/26,19:51:56,315add30-8c54-49a1-b572-3ab7102bbc30,17,10.69989309,11.9665471,1.266654011,Apidae,Bombus,Bombus pascuorum,0.776917247,0.705042418,0.18369639,17,178.0080032,147.4262528,0.485294114,0.990436634,0.542290888,True,True,True,True,True,True,6,32.4,0.55,0.4,0.9,27,0.03,0.025,,,True,False,
20260625_195156,25/6/26,19:51:56,befd041f-3495-4ec1-9f0d-49f5719fe62e,15,10.33323009,11.16655509,0.833325007,Apidae,Bombus,Bombus lapidarius,0.717856858,0.717275947,0.215254108,15,230.9089812,157.0986951,0.304761902,0.862789018,0.600376593,True,True,True,True,True,True,6,32.4,0.55,0.4,0.9,27,0.03,0.025,,,True,False,
20260625_195156,25/6/26,19:51:56,676d3c47-2f4b-44af-8988-e910bc52150b,10,10.83322509,12.59987411,1.766649015,Apidae,Bombus,Bombus terrestris,0.679035157,0.672376665,0.219708727,10,419.9514114,188.0990431,0.266666661,0.999999995,0.670884317,True,True,True,True,True,True,6,32.4,0.55,0.4,0.9,27,0.03,0.025,,,True,False,
20260625_200302,25/6/26,20:03:02,49f4efdc-5893-4739-abe2-0d70afad2525,9,8.666580048,12.19987807,3.53329802,Apidae,Bombus,Bombus pratorum,0.5668791,0.546438959,0.16269353,9,321.7582792,74.03546447,0.333333324,0.999931578,0.858708445,True,True,True,True,True,True,6,32.4,0.55,0.4,0.9,27,0.03,0.025,,,True,False,
20260625_202523,25/6/26,20:25:23,a5c94573-9132-477b-a9e4-35e1a6739ad0,9,24.33309014,25.13308214,0.799992004,Apidae,Bombus,Bombus lapidarius,0.771273262,0.749263667,0.267367451,9,534.9916115,226.0353955,0.333333324,0.996773973,0.724747487,True,True,True,True,True,True,6,32.4,0.55,0.4,0.9,27,0.03,0.025,,,True,False,
20260625_202523,25/6/26,20:25:23,5f6e8c7e-ec40-462e-a5c0-bd1251d144ed,7,24.73308614,24.96641714,0.233331001,Apidae,Bombus,Bombus pascuorum,0.658888885,0.556609218,0.204759887,7,480.3407033,149.770658,0.333333317,0.999999993,0.72020996,True,True,True,True,True,True,6,32.4,0.55,0.4,0.9,27,0.03,0.025,,,True,False,
20260625_202523,25/6/26,20:25:23,a703a4f0-fee5-4842-9f4a-dea5a55a614a,7,24.76641914,25.13308214,0.366663002,Apidae,Bombus,Bombus pascuorum,0.616430155,0.558726536,0.206144891,7,248.2412415,136.1368796,0.190476181,0.999999993,0.677769929,True,True,True,True,True,True,6,32.4,0.55,0.4,0.9,27,0.03,0.025,,,True,False,
20260626_053417,26/6/26,5:34:17,e8e0317a-5c5a-4a13-ba3c-cefbfff6a985,14,56.76609964,57.23276164,0.466662005,Apidae,Bombus,Bombus pratorum,0.635637353,0.512983501,0.159763715,14,826.329494,605.9094404,0.021978022,0.999999998,0.305455614,True,True,True,True,True,True,6,32.4,0.55,0.4,0.9,27,0.03,0.025,,,,,
20260626_060732,26/6/26,6:07:32,3e170db4-1aa0-489b-9c83-884ade37405f,8,55.03278331,56.06610631,1.033323006,Apidae,Bombus,Bombus pascuorum,0.747732591,0.738438014,0.295562131,8,452.4957833,85.20710064,0.32142856,0.595384543,0.827340963,True,True,True,True,True,True,6,32.4,0.55,0.4,0.9,27,0.03,0.025,,,True,False,
20260626_085447,26/6/26,8:54:47,d428fe72-4c64-482a-987b-3ed17a51eee4,58,34.8329851,36.7662991,1.933314005,Apidae,Bombus,Bombus pascuorum,0.624202717,0.345002813,0.109023392,58,726.4248128,456.2652737,0.355716878,0.988917199,0.639656807,True,True,True,True,True,True,6,32.4,0.55,0.4,0.9,27,0.03,0.025,,,,,
20260626_085447,26/6/26,8:54:47,7b2f1a24-00dd-4890-8f00-2bf25e73b66f,20,10.33323003,10.99989003,0.666660002,Apidae,Apis,Apis mellifera,0.901569963,0.629199284,0.638849865,20,252.5926319,170.6407044,0.315789472,0.999999994,0.411927201,True,True,True,True,True,True,6,32.4,0.55,0.4,0.9,27,0.03,0.025,,,,,
20260626_085447,26/6/26,8:54:47,9f95b239-d53d-451d-86df-0203d30a35dc,17,30.43302909,31.06635609,0.633327002,Apidae,Apis,Apis mellifera,0.758592122,0.424281124,0.412107386,17,309.3673264,200.3578049,0.235294116,0.945491663,0.459103849,True,True,True,True,True,True,6,32.4,0.55,0.4,0.9,27,0.03,0.025,,,,,
20260626_085447,26/6/26,8:54:47,a2f6d67f-0a5e-4363-a809-1a6bf65f1ed6,8,47.66619013,48.19951814,0.533328002,Apidae,Bombus,Bombus sylvarum,0.578205515,0.511166641,0.178152276,8,148.4542343,57.84678038,0.285714276,0.993343104,0.868770339,True,True,True,True,True,True,6,32.4,0.55,0.4,0.9,27,0.03,0.025,,,,,
20260626_085447,26/6/26,8:54:47,5d3f1a75-1bd2-45b7-8cd2-1e1b72903b3d,6,30.43302909,31.03302309,0.599994002,Apidae,Bombus,Bombus pratorum,0.598161548,0.334687149,0.095000338,6,225.5259258,60.03748829,0.199999987,0.561294153,0.553798219,True,True,True,True,True,True,6,32.4,0.55,0.4,0.9,27,0.03,0.025,,,,,
20260626_091656,26/6/26,9:16:56,dcbc19ac-22b9-44d0-8254-b69bc0e42ab1,24,21.03312306,22.26644406,1.233321003,Apidae,Apis,Apis mellifera,0.958275388,0.812531517,0.809316564,24,741.5228452,322.3235952,0.101449275,0.907448989,0.61082379,True,True,True,True,True,True,6,32.4,0.55,0.4,0.9,27,0.03,0.025,,,,,
20260626_091656,26/6/26,9:16:56,3b95a9e4-4673-42bb-8272-812d5f51c4e7,19,0.333330001,0.933324003,0.599994002,Apidae,Apis,Apis mellifera,0.891819966,0.599207477,0.558384238,19,447.2207557,233.1142424,0.134502923,0.978071819,0.52619324,True,True,True,True,True,True,6,32.4,0.55,0.4,0.9,27,0.03,0.025,,,,,
20260626_091656,26/6/26,9:16:56,f3607174-16bf-4c3c-980a-1f6e93063a97,17,8.399916023,9.766569027,1.366653004,Apidae,Bombus,Bombus pascuorum,0.733459934,0.383534483,0.129460978,17,379.883421,268.9098362,0.169117646,0.993386837,0.421197266,True,True,True,True,True,True,6,32.4,0.55,0.4,0.9,27,0.03,0.025,,,,,
20260626_092802,26/6/26,9:28:02,e998addf-7f07-4fb1-8d30-db32f2e4cf4c,105,15.63317718,23.66643027,8.033253091,Apidae,Bombus,Bombus terrestris,0.749451528,0.534127052,0.147648888,105,1753.889285,823.1418468,0.088461538,0.999999999,0.696960776,True,True,True,True,True,True,6,32.4,0.55,0.4,0.9,27,0.03,0.025,,,,,
20260626_092802,26/6/26,9:28:02,4c50745f-1aed-44ae-8818-7d70160a57a2,26,18.83314521,23.73309627,4.899951055,Apidae,Bombus,Bombus pascuorum,0.810928098,0.629054247,0.216092003,26,826.1868767,293.0209037,0.196923076,0.999999997,0.597232647,True,True,True,True,True,True,6,32.4,0.55,0.4,0.9,27,0.03,0.025,,,,,
20260626_092802,26/6/26,9:28:02,0f3e2642-7074-4617-9bff-350ef4375220,20,7.999920091,8.933244101,0.933324011,Apidae,Bombus,Bombus sylvarum,0.6658287,0.536374483,0.173114186,20,366.8421032,142.411376,0.163157894,0.999999993,0.597909757,True,True,True,True,True,True,6,32.4,0.55,0.4,0.9,27,0.03,0.025,,,,,
20260626_092802,26/6/26,9:28:02,fe59b939-c6fe-4b68-8acf-2bd0cf99c359,10,0.033333,0.86665801,0.833325009,Apidae,Apis,Apis mellifera,0.851566103,0.645916785,0.632560466,10,137.2058914,100.9021804,0.355555548,0.994689615,0.375774039,True,True,True,True,True,True,6,32.4,0.55,0.4,0.9,27,0.03,0.025,,,,,
20260626_092802,26/6/26,9:28:02,8eb7bbb2-fef2-4be0-ae3b-e1a09ecf312c,6,24.63308728,25.19974829,0.566661006,Apidae,Bombus,Bombus pascuorum,0.674436768,0.457060869,0.117577607,6,264.6415144,260.5076774,0.066666662,0.999999996,0.01142968,True,True,True,True,True,True,6,32.4,0.55,0.4,0.9,27,0.03,0.025,,,,,
